id,pokemon,rarity,wild,trainiert,kampfbereit,elite,perfekt,shiny_wild,shiny_trainiert,shiny_kampfbereit,shiny_elite,shiny_perfekt
1,Bisasam,Uncommon,0.32,0.38,0.45,0.61,0.77,0.79,0.96,1.13,1.52,1.91
2,Bisaknosp,Uncommon,0.66,0.81,0.95,1.28,1.62,1.66,2.02,2.38,3.21,4.04
3,Bisaflor,Rare,4.91,5.97,7.02,9.48,12.00,12.25,15.00,17.50,23.75,29.75
4,Glumanda,Uncommon,0.35,0.43,0.50,0.68,0.85,0.88,1.06,1.25,1.69,2.13
5,Glutexo,Uncommon,0.71,0.86,1.01,1.36,1.72,1.77,2.15,2.53,3.41,4.29
6,Glurak,Epic,11.25,13.50,16.00,21.50,27.25,28.00,34.00,40.00,54.00,68.00
7,Schiggy,Uncommon,0.36,0.43,0.51,0.69,0.87,0.89,1.08,1.27,1.72,2.17
8,Schillok,Uncommon,0.71,0.86,1.01,1.36,1.72,1.77,2.15,2.53,3.41,4.29
9,Turtok,Rare,5.07,6.15,7.24,9.77,12.25,12.75,15.50,18.00,24.50,30.75
10,Raupy,Common,0.17,0.20,0.24,0.32,0.41,0.42,0.51,0.60,0.81,1.02
11,Safcon,Common,0.24,0.29,0.34,0.46,0.58,0.60,0.72,0.85,1.15,1.45
12,Smettbo,Uncommon,0.81,0.98,1.15,1.55,1.95,2.01,2.44,2.88,3.88,4.89
13,Hornliu,Common,0.03,0.04,0.05,0.07,0.09,0.09,0.11,0.13,0.17,0.21
14,Kokuna,Common,0.13,0.15,0.18,0.24,0.31,0.32,0.38,0.45,0.61,0.77
15,Bibor,Uncommon,0.30,0.37,0.43,0.58,0.73,0.75,0.91,1.08,1.45,1.83
16,Taubsi,Common,0.03,0.03,0.04,0.05,0.07,0.07,0.09,0.10,0.14,0.17
17,Tauboga,Common,0.13,0.16,0.19,0.26,0.32,0.33,0.40,0.48,0.64,0.81
18,Tauboss,Uncommon,0.29,0.36,0.42,0.57,0.71,0.74,0.89,1.05,1.42,1.79
19,Rattfratz,Common,0.03,0.04,0.05,0.07,0.09,0.09,0.11,0.13,0.17,0.21
20,Rattikarl,Common,0.18,0.22,0.26,0.35,0.44,0.45,0.55,0.65,0.88,1.11
21,Habitak,Common,0.06,0.07,0.08,0.11,0.14,0.14,0.17,0.20,0.27,0.34
22,Ibitak,Common,0.18,0.22,0.26,0.35,0.44,0.45,0.55,0.65,0.88,1.11
23,Rettan,Common,0.16,0.20,0.23,0.31,0.39,0.40,0.49,0.58,0.78,0.98
24,Arbok,Uncommon,0.35,0.43,0.50,0.68,0.85,0.88,1.06,1.25,1.69,2.13
25,Pikachu,Rare,4.64,5.64,6.63,8.95,11.25,11.50,14.00,16.50,22.50,28.25
26,Raichu,Epic,11.50,13.75,16.25,22.00,27.75,28.50,34.50,40.75,54.75,69.00
27,Sandan,Common,0.14,0.17,0.20,0.27,0.34,0.35,0.43,0.50,0.68,0.85
28,Sandamer,Uncommon,0.39,0.48,0.56,0.76,0.95,0.98,1.19,1.40,1.89,2.38
29,Nidoran♀,Uncommon,0.33,0.40,0.47,0.63,0.80,0.82,1.00,1.17,1.59,2.00
30,Nidorina,Uncommon,0.71,0.86,1.01,1.36,1.72,1.77,2.15,2.53,3.41,4.29
31,Nidoqueen,Rare,2.40,2.92,3.43,4.63,5.83,6.00,7.29,8.58,11.50,14.50
32,Nidoran♂,Uncommon,0.35,0.43,0.50,0.68,0.85,0.88,1.06,1.25,1.69,2.13
33,Nidorino,Uncommon,0.80,0.97,1.14,1.54,1.94,2.00,2.42,2.85,3.85,4.84
34,Nidoking,Rare,2.36,2.86,3.37,4.55,5.73,5.90,7.16,8.43,11.25,14.25
35,Piepi,Common,0.21,0.26,0.30,0.41,0.51,0.53,0.64,0.75,1.01,1.27
36,Pixi,Uncommon,0.81,0.98,1.15,1.55,1.95,2.01,2.44,2.88,3.88,4.89
37,Vulpix,Uncommon,0.30,0.37,0.43,0.58,0.73,0.75,0.91,1.08,1.45,1.83
38,Vulnona,Uncommon,1.01,1.22,1.44,1.94,2.45,2.52,3.06,3.60,4.86,6.12
39,Pummeluff,Common,0.14,0.17,0.20,0.27,0.34,0.35,0.43,0.50,0.68,0.85
40,Knuddeluff,Uncommon,0.30,0.37,0.43,0.58,0.73,0.75,0.91,1.08,1.45,1.83
41,Zubat,Uncommon,0.34,0.42,0.49,0.66,0.83,0.86,1.04,1.23,1.65,2.08
42,Golbat,Uncommon,0.69,0.83,0.98,1.32,1.67,1.72,2.08,2.45,3.31,4.17
43,Myrapla,Uncommon,0.35,0.43,0.50,0.68,0.85,0.88,1.06,1.25,1.69,2.13
44,Duflor,Uncommon,0.68,0.82,0.97,1.31,1.65,1.70,2.06,2.42,3.27,4.12
45,Giflor,Rare,2.11,2.57,3.02,4.08,5.13,5.29,6.42,7.55,10.25,12.75
46,Paras,Common,0.15,0.19,0.22,0.30,0.37,0.39,0.47,0.55,0.74,0.94
47,Parasek,Uncommon,0.37,0.45,0.53,0.72,0.90,0.93,1.13,1.33,1.79,2.25
48,Bluzuk,Common,0.17,0.20,0.24,0.32,0.41,0.42,0.51,0.60,0.81,1.02
49,Omot,Uncommon,0.41,0.49,0.58,0.78,0.99,1.01,1.23,1.45,1.96,2.47
50,Digda,Common,0.15,0.18,0.21,0.28,0.36,0.37,0.45,0.53,0.71,0.89
51,Digdri,Uncommon,0.39,0.47,0.55,0.74,0.94,0.96,1.17,1.38,1.86,2.34
52,Mauzi,Uncommon,0.33,0.40,0.47,0.63,0.80,0.82,1.00,1.17,1.59,2.00
53,Snobilikat,Uncommon,1.04,1.27,1.49,2.01,2.53,2.61,3.17,3.73,5.03,6.33
54,Enton,Common,0.13,0.15,0.18,0.24,0.31,0.32,0.38,0.45,0.61,0.77
55,Entoron,Uncommon,0.41,0.50,0.59,0.80,1.00,1.03,1.25,1.48,1.99,2.51
56,Menki,Uncommon,1.27,1.54,1.81,2.44,3.08,3.17,3.85,4.53,6.11,7.69
57,Rasaff,Rare,3.21,3.90,4.59,6.20,7.80,8.03,9.75,11.50,15.50,19.50
58,Fukano,Uncommon,1.37,1.67,1.96,2.65,3.33,3.43,4.17,4.90,6.62,8.33
59,Arkani,Rare,5.36,6.50,7.65,10.25,13.00,13.50,16.25,19.25,25.75,32.50
60,Quapsel,Common,0.17,0.20,0.24,0.32,0.41,0.42,0.51,0.60,0.81,1.02
61,Quaputzi,Common,0.20,0.24,0.28,0.38,0.48,0.49,0.60,0.70,0.95,1.19
62,Quappo,Uncommon,0.88,1.06,1.25,1.69,2.13,2.19,2.66,3.13,4.22,5.31
63,Abra,Uncommon,1.37,1.67,1.96,2.65,3.33,3.43,4.17,4.90,6.62,8.33
64,Kadabra,Rare,3.72,4.52,5.32,7.18,9.04,9.31,11.25,13.25,18.00,22.50
65,Simsala,Epic,10.25,12.50,14.75,20.00,25.00,25.75,31.25,37.00,49.75,62.75
66,Machollo,Uncommon,0.32,0.39,0.46,0.62,0.78,0.81,0.98,1.15,1.55,1.96
67,Maschock,Uncommon,0.78,0.95,1.12,1.51,1.90,1.96,2.38,2.80,3.78,4.76
68,Machomei,Rare,2.33,2.83,3.33,4.50,5.66,5.83,7.08,8.32,11.25,14.25
69,Knofensa,Common,0.15,0.18,0.21,0.28,0.36,0.37,0.45,0.53,0.71,0.89
70,Ultrigaria,Common,0.25,0.31,0.36,0.49,0.61,0.63,0.77,0.90,1.21,1.53
71,Sarzenia,Uncommon,0.78,0.94,1.11,1.50,1.89,1.94,2.36,2.78,3.75,4.72
72,Tentacha,Uncommon,0.31,0.37,0.44,0.59,0.75,0.77,0.94,1.10,1.49,1.87
73,Tentoxa,Uncommon,1.00,1.22,1.43,1.93,2.43,2.50,3.04,3.58,4.83,6.08
74,Kleinstein,Uncommon,0.35,0.43,0.50,0.68,0.85,0.88,1.06,1.25,1.69,2.13
75,Georok,Uncommon,0.72,0.88,1.03,1.39,1.75,1.80,2.19,2.58,3.48,4.38
76,Geowaz,Rare,2.18,2.65,3.12,4.21,5.30,5.46,6.63,7.80,10.50,13.25
77,Ponita,Common,0.14,0.17,0.20,0.27,0.34,0.35,0.43,0.50,0.68,0.85
78,Gallopa,Uncommon,0.38,0.46,0.54,0.73,0.92,0.95,1.15,1.35,1.82,2.30
79,Flegmon,Uncommon,0.32,0.38,0.45,0.61,0.77,0.79,0.96,1.13,1.52,1.91
80,Lahmus,Uncommon,1.18,1.44,1.69,2.28,2.87,2.96,3.59,4.22,5.70,7.18
81,Magnetilo,Uncommon,1.45,1.76,2.07,2.79,3.52,3.62,4.40,5.18,6.99,8.80
82,Magneton,Rare,3.65,4.44,5.22,7.05,8.87,9.13,11.00,13.00,17.50,22.25
83,Porenta,Common,0.16,0.20,0.23,0.31,0.39,0.40,0.49,0.58,0.78,0.98
84,Dodu,Uncommon,0.31,0.37,0.44,0.59,0.75,0.77,0.94,1.10,1.49,1.87
85,Dodri,Uncommon,1.00,1.22,1.43,1.93,2.43,2.50,3.04,3.58,4.83,6.08
86,Jurob,Common,0.05,0.06,0.07,0.09,0.12,0.12,0.15,0.18,0.24,0.30
87,Jugong,Common,0.18,0.21,0.25,0.34,0.43,0.44,0.53,0.63,0.84,1.06
88,Sleima,Common,0.16,0.20,0.23,0.31,0.39,0.40,0.49,0.58,0.78,0.98
89,Sleimok,Uncommon,0.41,0.49,0.58,0.78,0.99,1.01,1.23,1.45,1.96,2.47
90,Muschas,Rare,4.98,6.04,7.11,9.60,12.00,12.50,15.00,17.75,24.00,30.25
91,Austos,Epic,17.25,20.75,24.50,33.00,41.75,43.00,52.00,61.25,82.75,104.00
92,Nebulak,Uncommon,1.37,1.67,1.96,2.65,3.33,3.43,4.17,4.90,6.62,8.33
93,Alpollo,Rare,3.78,4.59,5.40,7.29,9.18,9.45,11.50,13.50,18.25,23.00
94,Gengar,Epic,36.00,43.50,51.25,69.25,87.25,89.75,109.00,128.00,173.00,218.00
95,Onix,Uncommon,0.29,0.35,0.41,0.55,0.70,0.72,0.87,1.02,1.38,1.74
96,Traumato,Common,0.14,0.17,0.20,0.27,0.34,0.35,0.43,0.50,0.68,0.85
97,Hypno,Uncommon,0.39,0.47,0.55,0.74,0.94,0.96,1.17,1.38,1.86,2.34
98,Krabby,Uncommon,0.30,0.37,0.43,0.58,0.73,0.75,0.91,1.08,1.45,1.83
99,Kingler,Uncommon,0.99,1.21,1.42,1.92,2.41,2.49,3.02,3.55,4.79,6.03
100,Voltobal,Common,0.16,0.20,0.23,0.31,0.39,0.40,0.49,0.58,0.78,0.98
101,Lektrobal,Uncommon,0.40,0.48,0.57,0.77,0.97,1.00,1.21,1.42,1.92,2.42
102,Owei,Uncommon,0.34,0.41,0.48,0.65,0.82,0.84,1.02,1.20,1.62,2.04
103,Kokowei,Uncommon,1.04,1.27,1.49,2.01,2.53,2.61,3.17,3.73,5.03,6.33
104,Tragosso,Uncommon,0.34,0.42,0.49,0.66,0.83,0.86,1.04,1.23,1.65,2.08
105,Knogga,Uncommon,1.05,1.27,1.50,2.03,2.55,2.62,3.19,3.75,5.06,6.38
106,Kicklee,Uncommon,0.99,1.20,1.41,1.90,2.40,2.47,3.00,3.53,4.76,5.99
107,Nockchan,Uncommon,1.07,1.30,1.53,2.07,2.60,2.68,3.25,3.83,5.16,6.50
108,Schlurp,Uncommon,0.57,0.70,0.82,1.11,1.39,1.43,1.74,2.05,2.77,3.49
109,Smogon,Common,0.14,0.17,0.20,0.27,0.34,0.35,0.43,0.50,0.68,0.85
110,Smogmog,Uncommon,0.36,0.44,0.52,0.70,0.88,0.91,1.11,1.30,1.76,2.21
111,Rihorn,Uncommon,1.40,1.70,2.00,2.70,3.40,3.50,4.25,5.00,6.75,8.50
112,Rizeros,Rare,3.46,4.20,4.94,6.67,8.40,8.65,10.50,12.25,16.75,21.00
113,Chaneira,Uncommon,0.35,0.43,0.50,0.68,0.85,0.88,1.06,1.25,1.69,2.13
114,Tangela,Uncommon,0.34,0.42,0.49,0.66,0.83,0.86,1.04,1.23,1.65,2.08
115,Kangama,Rare,1.89,2.30,2.70,3.65,4.59,4.72,5.74,6.75,9.11,11.50
116,Seeper,Uncommon,0.34,0.42,0.49,0.66,0.83,0.86,1.04,1.23,1.65,2.08
117,Seemon,Uncommon,0.65,0.79,0.93,1.26,1.58,1.63,1.98,2.33,3.14,3.95
118,Goldini,Common,0.15,0.18,0.21,0.28,0.36,0.37,0.45,0.53,0.71,0.89
119,Golking,Uncommon,0.38,0.46,0.54,0.73,0.92,0.95,1.15,1.35,1.82,2.30
120,Sterndu,Uncommon,0.33,0.40,0.47,0.63,0.80,0.82,1.00,1.17,1.59,2.00
121,Starmie,Uncommon,1.05,1.27,1.50,2.03,2.55,2.62,3.19,3.75,5.06,6.38
122,Pantimos,Common,0.24,0.30,0.35,0.47,0.60,0.61,0.74,0.88,1.18,1.49
123,Sichlor,Rare,4.96,6.02,7.08,9.56,12.00,12.50,15.00,17.75,24.00,30.00
124,Rossana,Uncommon,1.02,1.24,1.46,1.97,2.48,2.56,3.10,3.65,4.93,6.20
125,Elektek,Uncommon,0.70,0.85,1.00,1.35,1.70,1.75,2.13,2.50,3.38,4.25
126,Magmar,Uncommon,0.81,0.98,1.15,1.55,1.95,2.01,2.44,2.88,3.88,4.89
127,Pinsir,Rare,1.95,2.37,2.79,3.77,4.74,4.88,5.93,6.98,9.42,11.75
128,Tauros,Rare,2.03,2.47,2.90,3.92,4.93,5.07,6.16,7.25,9.79,12.25
129,Karpador,Uncommon,1.16,1.41,1.66,2.24,2.82,2.91,3.53,4.15,5.60,7.05
130,Garados,Rare,7.18,8.71,10.25,13.75,17.50,18.00,21.75,25.75,34.50,43.50
131,Lapras,Rare,2.13,2.58,3.04,4.10,5.17,5.32,6.46,7.60,10.25,13.00
132,Ditto,Common,0.17,0.20,0.24,0.32,0.41,0.42,0.51,0.60,0.81,1.02
133,Evoli,Uncommon,0.76,0.92,1.08,1.46,1.84,1.89,2.30,2.70,3.65,4.59
134,Aquana,Rare,2.61,3.17,3.73,5.04,6.34,6.53,7.93,9.32,12.50,15.75
135,Blitza,Rare,2.49,3.02,3.55,4.79,6.03,6.21,7.54,8.88,12.00,15.00
136,Flamara,Rare,2.33,2.83,3.33,4.50,5.66,5.83,7.08,8.32,11.25,14.25
137,Porygon,Uncommon,1.41,1.72,2.02,2.73,3.43,3.53,4.29,5.05,6.82,8.58
138,Amonitas,Uncommon,0.58,0.71,0.83,1.12,1.41,1.45,1.76,2.07,2.80,3.53
139,Amoroso,Uncommon,1.34,1.63,1.92,2.59,3.26,3.36,4.08,4.80,6.48,8.16
140,Kabuto,Uncommon,0.54,0.65,0.77,1.04,1.31,1.35,1.64,1.93,2.60,3.27
141,Kabutops,Uncommon,1.32,1.61,1.89,2.55,3.21,3.31,4.02,4.72,6.38,8.03
142,Aerodactyl,Rare,5.49,6.66,7.84,10.50,13.25,13.75,16.75,19.50,26.50,33.25
143,Relaxo,Epic,11.25,13.50,16.00,21.50,27.25,28.00,34.00,40.00,54.00,68.00
144,Arktos,Legendary,911.00,1106.00,1301.00,1756.00,2212.00,2277.00,2765.00,3253.00,4391.00,5529.00
145,Zapdos,Legendary,1217.00,1478.00,1739.00,2348.00,2956.00,3043.00,3695.00,4348.00,5869.00,7391.00
146,Lavados,Legendary,1177.00,1430.00,1682.00,2271.00,2859.00,2943.00,3574.00,4205.00,5677.00,7149.00
147,Dratini,Uncommon,1.27,1.55,1.82,2.46,3.09,3.19,3.87,4.55,6.14,7.74
148,Dragonir,Rare,3.84,4.67,5.49,7.41,9.33,9.61,11.75,13.75,18.50,23.25
149,Dragoran,Epic,34.25,41.50,48.75,65.75,83.00,85.25,104.00,122.00,165.00,207.00
150,Mewtu,Mythic,3881.00,4712.00,5544.00,7484.00,9425.00,9702.00,11781.00,13860.00,18711.00,23562.00
151,Mew,Mythic,3284.00,3988.00,4692.00,6334.00,7976.00,8211.00,9971.00,11730.00,15836.00,19941.00
152,Endivie,Common,0.16,0.20,0.23,0.31,0.39,0.40,0.49,0.58,0.78,0.98
153,Lorblatt,Common,0.22,0.26,0.31,0.42,0.53,0.54,0.66,0.78,1.05,1.32
154,Meganie,Uncommon,0.76,0.92,1.08,1.46,1.84,1.89,2.30,2.70,3.65,4.59
155,Feurigel,Uncommon,0.35,0.43,0.50,0.68,0.85,0.88,1.06,1.25,1.69,2.13
156,Igelavar,Uncommon,0.75,0.91,1.07,1.44,1.82,1.87,2.27,2.68,3.61,4.55
157,Tornupto,Rare,2.21,2.69,3.16,4.27,5.37,5.53,6.72,7.90,10.75,13.50
158,Karnimani,Uncommon,0.34,0.42,0.49,0.66,0.83,0.86,1.04,1.23,1.65,2.08
159,Tyracroc,Uncommon,0.71,0.87,1.02,1.38,1.73,1.79,2.17,2.55,3.44,4.34
160,Impergator,Rare,2.25,2.73,3.21,4.33,5.46,5.62,6.82,8.03,10.75,13.75
161,Wiesor,Common,0.02,0.03,0.03,0.04,0.05,0.05,0.06,0.08,0.10,0.13
162,Wiesenior,Common,0.20,0.24,0.28,0.38,0.48,0.49,0.60,0.70,0.95,1.19
163,Hoothoot,Common,0.16,0.20,0.23,0.31,0.39,0.40,0.49,0.58,0.78,0.98
164,Noctuh,Uncommon,0.36,0.43,0.51,0.69,0.87,0.89,1.08,1.27,1.72,2.17
165,Ledyba,Common,0.03,0.03,0.04,0.05,0.07,0.07,0.09,0.10,0.14,0.17
166,Ledian,Common,0.14,0.17,0.20,0.27,0.34,0.35,0.43,0.50,0.68,0.85
167,Webarak,Common,0.02,0.03,0.03,0.04,0.05,0.05,0.06,0.08,0.10,0.13
168,Ariados,Common,0.18,0.22,0.26,0.35,0.44,0.45,0.55,0.65,0.88,1.11
169,Iksbat,Rare,2.37,2.88,3.39,4.58,5.76,5.93,7.20,8.48,11.50,14.50
170,Lampi,Common,0.18,0.21,0.25,0.34,0.43,0.44,0.53,0.63,0.84,1.06
171,Lanturn,Uncommon,0.38,0.46,0.54,0.73,0.92,0.95,1.15,1.35,1.82,2.30
172,Pichu,Uncommon,1.11,1.35,1.59,2.15,2.70,2.78,3.38,3.98,5.37,6.76
173,Pii,Common,0.11,0.14,0.16,0.22,0.27,0.28,0.34,0.40,0.54,0.68
174,Fluffeluff,Common,0.04,0.05,0.06,0.08,0.10,0.10,0.13,0.15,0.20,0.26
175,Togepi,Common,0.23,0.28,0.33,0.45,0.56,0.58,0.70,0.83,1.11,1.40
176,Togetic,Uncommon,0.76,0.92,1.08,1.46,1.84,1.89,2.30,2.70,3.65,4.59
177,Natu,Common,0.13,0.15,0.18,0.24,0.31,0.32,0.38,0.45,0.61,0.77
178,Xatu,Uncommon,0.41,0.50,0.59,0.80,1.00,1.03,1.25,1.48,1.99,2.51
179,Voltilamm,Common,0.16,0.20,0.23,0.31,0.39,0.40,0.49,0.58,0.78,0.98
180,Waaty,Common,0.23,0.28,0.33,0.45,0.56,0.58,0.70,0.83,1.11,1.40
181,Ampharos,Uncommon,0.72,0.88,1.03,1.39,1.75,1.80,2.19,2.58,3.48,4.38
182,Blubella,Rare,2.13,2.58,3.04,4.10,5.17,5.32,6.46,7.60,10.25,13.00
183,Marill,Rare,2.38,2.89,3.40,4.59,5.78,5.95,7.23,8.50,11.50,14.50
184,Azumarill,Rare,6.37,7.74,9.10,12.25,15.50,16.00,19.25,22.75,30.75,38.75
185,Mogelbaum,Uncommon,0.39,0.47,0.55,0.74,0.94,0.96,1.17,1.38,1.86,2.34
186,Quaxo,Uncommon,0.83,1.00,1.18,1.59,2.01,2.07,2.51,2.95,3.98,5.01
187,Hoppspross,Common,0.15,0.18,0.21,0.28,0.36,0.37,0.45,0.53,0.71,0.89
188,Hubelupf,Common,0.23,0.28,0.33,0.45,0.56,0.58,0.70,0.83,1.11,1.40
189,Papungha,Uncommon,0.69,0.84,0.99,1.34,1.68,1.73,2.10,2.48,3.34,4.21
190,Griffel,Common,0.15,0.19,0.22,0.30,0.37,0.39,0.47,0.55,0.74,0.94
191,Sonnkern,Common,0.04,0.05,0.06,0.08,0.10,0.10,0.13,0.15,0.20,0.26
192,Sonnflora,Common,0.19,0.23,0.27,0.36,0.46,0.47,0.57,0.68,0.91,1.15
193,Yanma,Uncommon,0.33,0.40,0.47,0.63,0.80,0.82,1.00,1.17,1.59,2.00
194,Felino,Common,0.14,0.17,0.20,0.27,0.34,0.35,0.43,0.50,0.68,0.85
195,Morlord,Uncommon,0.35,0.43,0.50,0.68,0.85,0.88,1.06,1.25,1.69,2.13
196,Psiana,Rare,2.84,3.45,4.06,5.48,6.90,7.10,8.63,10.25,13.75,17.25
197,Nachtara,Rare,3.79,4.60,5.41,7.30,9.20,9.47,11.50,13.50,18.25,23.00
198,Kramurx,Uncommon,0.33,0.40,0.47,0.63,0.80,0.82,1.00,1.17,1.59,2.00
199,Laschoking,Uncommon,1.11,1.35,1.59,2.15,2.70,2.78,3.38,3.98,5.37,6.76
200,Traunfugil,Uncommon,0.32,0.39,0.46,0.62,0.78,0.81,0.98,1.15,1.55,1.96
201,Icognito,Common,0.03,0.03,0.04,0.05,0.07,0.07,0.09,0.10,0.14,0.17
202,Woingenau,Uncommon,0.39,0.47,0.55,0.74,0.94,0.96,1.17,1.38,1.86,2.34
203,Girafarig,Uncommon,0.31,0.37,0.44,0.59,0.75,0.77,0.94,1.10,1.49,1.87
204,Tannza,Common,0.13,0.16,0.19,0.26,0.32,0.33,0.40,0.48,0.64,0.81
205,Forstellka,Uncommon,0.36,0.44,0.52,0.70,0.88,0.91,1.11,1.30,1.76,2.21
206,Dummisel,Uncommon,0.31,0.37,0.44,0.59,0.75,0.77,0.94,1.10,1.49,1.87
207,Skorgla,Uncommon,0.36,0.44,0.52,0.70,0.88,0.91,1.11,1.30,1.76,2.21
208,Stahlos,Uncommon,1.01,1.22,1.44,1.94,2.45,2.52,3.06,3.60,4.86,6.12
209,Snubbull,Common,0.14,0.17,0.20,0.27,0.34,0.35,0.43,0.50,0.68,0.85
210,Granbull,Uncommon,0.39,0.47,0.55,0.74,0.94,0.96,1.17,1.38,1.86,2.34
211,Baldorfish,Uncommon,0.38,0.46,0.54,0.73,0.92,0.95,1.15,1.35,1.82,2.30
212,Scherox,Epic,18.50,22.25,26.25,35.50,44.75,46.00,55.75,65.75,88.50,112.00
213,Pottrott,Uncommon,0.48,0.58,0.68,0.92,1.16,1.19,1.45,1.70,2.30,2.89
214,Skaraborn,Rare,5.59,6.78,7.98,10.75,13.50,14.00,17.00,20.00,27.00,34.00
215,Sniebel,Uncommon,1.41,1.72,2.02,2.73,3.43,3.53,4.29,5.05,6.82,8.58
216,Teddiursa,Uncommon,1.41,1.71,2.01,2.71,3.42,3.52,4.27,5.02,6.78,8.54
217,Ursaring,Rare,3.41,4.14,4.87,6.57,8.28,8.52,10.25,12.25,16.50,20.75
218,Schneckmag,Common,0.15,0.18,0.21,0.28,0.36,0.37,0.45,0.53,0.71,0.89
219,Magcargo,Uncommon,0.39,0.48,0.56,0.76,0.95,0.98,1.19,1.40,1.89,2.38
220,Quiekel,Uncommon,0.34,0.41,0.48,0.65,0.82,0.84,1.02,1.20,1.62,2.04
221,Keifel,Uncommon,0.73,0.88,1.04,1.40,1.77,1.82,2.21,2.60,3.51,4.42
222,Corasonn,Common,0.17,0.20,0.24,0.32,0.41,0.42,0.51,0.60,0.81,1.02
223,Remoraid,Common,0.13,0.16,0.19,0.26,0.32,0.33,0.40,0.48,0.64,0.81
224,Octillery,Uncommon,0.33,0.40,0.47,0.63,0.80,0.82,1.00,1.17,1.59,2.00
225,Botogel,Common,0.19,0.23,0.27,0.36,0.46,0.47,0.57,0.68,0.91,1.15
226,Mantax,Uncommon,0.40,0.48,0.57,0.77,0.97,1.00,1.21,1.42,1.92,2.42
227,Panzaeron,Rare,1.88,2.28,2.68,3.62,4.56,4.69,5.70,6.70,9.05,11.50
228,Hunduster,Uncommon,0.34,0.41,0.48,0.65,0.82,0.84,1.02,1.20,1.62,2.04
229,Hundemon,Uncommon,0.99,1.20,1.41,1.90,2.40,2.47,3.00,3.53,4.76,5.99
230,Seedraking,Rare,2.30,2.79,3.28,4.43,5.58,5.74,6.97,8.20,11.00,14.00
231,Phanpy,Uncommon,0.31,0.37,0.44,0.59,0.75,0.77,0.94,1.10,1.49,1.87
232,Donphan,Uncommon,1.05,1.27,1.50,2.03,2.55,2.62,3.19,3.75,5.06,6.38
233,Porygon2,Rare,3.65,4.43,5.21,7.03,8.86,9.12,11.00,13.00,17.50,22.25
234,Damhirplex,Uncommon,0.31,0.37,0.44,0.59,0.75,0.77,0.94,1.10,1.49,1.87
235,Farbeagle,Common,0.03,0.03,0.04,0.05,0.07,0.07,0.09,0.10,0.14,0.17
236,Rabauz,Common,0.21,0.26,0.30,0.41,0.51,0.53,0.64,0.75,1.01,1.27
237,Kapoera,Uncommon,1.00,1.22,1.43,1.93,2.43,2.50,3.04,3.58,4.83,6.08
238,Kussilla,Common,0.21,0.26,0.30,0.41,0.51,0.53,0.64,0.75,1.01,1.27
239,Elekid,Common,0.24,0.29,0.34,0.46,0.58,0.60,0.72,0.85,1.15,1.45
240,Magby,Common,0.23,0.28,0.33,0.45,0.56,0.58,0.70,0.83,1.11,1.40
241,Miltank,Rare,2.02,2.45,2.88,3.89,4.90,5.04,6.12,7.20,9.72,12.25
242,Heiteira,Uncommon,1.11,1.35,1.59,2.15,2.70,2.78,3.38,3.98,5.37,6.76
243,Raikou,Legendary,1169.00,1420.00,1670.00,2255.00,2839.00,2923.00,3549.00,4175.00,5636.00,7098.00
244,Entei,Legendary,1113.00,1352.00,1590.00,2147.00,2703.00,2783.00,3379.00,3975.00,5366.00,6758.00
245,Suicune,Legendary,1103.00,1339.00,1575.00,2126.00,2678.00,2756.00,3347.00,3938.00,5316.00,6694.00
246,Larvitar,Uncommon,1.33,1.62,1.90,2.57,3.23,3.33,4.04,4.75,6.41,8.07
247,Pupitar,Rare,3.56,4.32,5.08,6.86,8.64,8.89,10.75,12.75,17.25,21.50
248,Despotar,Epic,32.75,39.75,46.75,63.00,79.50,81.75,99.25,117.00,158.00,199.00
249,Lugia,Mythic,3404.00,4134.00,4863.00,6565.00,8267.00,8510.00,10334.00,12158.00,16413.00,20668.00
250,Ho-Oh,Mythic,3159.00,3836.00,4513.00,6093.00,7672.00,7898.00,9590.00,11283.00,15231.00,19180.00
251,Celebi,Legendary,1659.00,2015.00,2370.00,3200.00,4029.00,4148.00,5036.00,5925.00,7999.00,10073.00
252,Geckarbor,Uncommon,0.34,0.42,0.49,0.66,0.83,0.86,1.04,1.23,1.65,2.08
253,Reptain,Uncommon,0.83,1.00,1.18,1.59,2.01,2.07,2.51,2.95,3.98,5.01
254,Gewaldro,Rare,2.37,2.87,3.38,4.56,5.75,5.91,7.18,8.45,11.50,14.25
255,Flemmli,Uncommon,1.04,1.27,1.49,2.01,2.53,2.61,3.17,3.73,5.03,6.33
256,Jungglut,Rare,2.24,2.72,3.20,4.32,5.44,5.60,6.80,8.00,10.75,13.50
257,Lohgock,Rare,6.39,7.76,9.13,12.25,15.50,16.00,19.50,22.75,30.75,38.75
258,Hydropi,Uncommon,0.29,0.36,0.42,0.57,0.71,0.74,0.89,1.05,1.42,1.79
259,Moorabbel,Uncommon,0.66,0.80,0.94,1.27,1.60,1.64,2.00,2.35,3.17,3.99
260,Sumpex,Rare,2.42,2.93,3.45,4.66,5.87,6.04,7.33,8.63,11.75,14.75
261,Fiffyen,Common,0.14,0.17,0.20,0.27,0.34,0.35,0.43,0.50,0.68,0.85
262,Magnayen,Uncommon,0.36,0.44,0.52,0.70,0.88,0.91,1.11,1.30,1.76,2.21
263,Zigzachs,Common,0.16,0.20,0.23,0.31,0.39,0.40,0.49,0.58,0.78,0.98
264,Geradaks,Common,0.20,0.24,0.28,0.38,0.48,0.49,0.60,0.70,0.95,1.19
265,Waumpel,Common,0.02,0.03,0.03,0.04,0.05,0.05,0.06,0.08,0.10,0.13
266,Schaloko,Common,0.14,0.17,0.20,0.27,0.34,0.35,0.43,0.50,0.68,0.85
267,Papinella,Uncommon,0.29,0.35,0.41,0.55,0.70,0.72,0.87,1.02,1.38,1.74
268,Panekon,Common,0.14,0.17,0.20,0.27,0.34,0.35,0.43,0.50,0.68,0.85
269,Pudox,Uncommon,0.27,0.33,0.39,0.53,0.66,0.68,0.83,0.98,1.32,1.66
270,Loturzel,Uncommon,0.32,0.39,0.46,0.62,0.78,0.81,0.98,1.15,1.55,1.96
271,Lombrero,Uncommon,0.66,0.81,0.95,1.28,1.62,1.66,2.02,2.38,3.21,4.04
272,Kappalores,Rare,2.16,2.63,3.09,4.17,5.25,5.41,6.57,7.73,10.50,13.25
273,Samurzel,Common,0.17,0.20,0.24,0.32,0.41,0.42,0.51,0.60,0.81,1.02
274,Blanas,Common,0.19,0.23,0.27,0.36,0.46,0.47,0.57,0.68,0.91,1.15
275,Tengulist,Uncommon,0.73,0.88,1.04,1.40,1.77,1.82,2.21,2.60,3.51,4.42
276,Schwalbini,Uncommon,0.32,0.39,0.46,0.62,0.78,0.81,0.98,1.15,1.55,1.96
277,Schwalboss,Uncommon,1.09,1.33,1.56,2.11,2.65,2.73,3.32,3.90,5.27,6.63
278,Wingull,Common,0.18,0.21,0.25,0.34,0.43,0.44,0.53,0.63,0.84,1.06
279,Pelipper,Uncommon,0.36,0.44,0.52,0.70,0.88,0.91,1.11,1.30,1.76,2.21
280,Trasla,Uncommon,1.39,1.69,1.99,2.69,3.38,3.48,4.23,4.97,6.72,8.46
281,Kirlia,Rare,3.63,4.41,5.19,7.01,8.82,9.08,11.00,13.00,17.50,22.00
282,Guardevoir,Epic,27.50,33.25,39.25,53.00,66.75,68.75,83.50,98.25,132.00,167.00
283,Gehweiher,Common,0.15,0.19,0.22,0.30,0.37,0.39,0.47,0.55,0.74,0.94
284,Maskeregen,Uncommon,0.36,0.44,0.52,0.70,0.88,0.91,1.11,1.30,1.76,2.21
285,Knilz,Uncommon,0.30,0.37,0.43,0.58,0.73,0.75,0.91,1.08,1.45,1.83
286,Kapilz,Uncommon,1.17,1.42,1.67,2.25,2.84,2.92,3.55,4.18,5.64,7.10
287,Bummelz,Uncommon,1.34,1.62,1.91,2.58,3.25,3.34,4.06,4.77,6.45,8.12
288,Muntier,Rare,3.33,4.04,4.75,6.41,8.07,8.31,10.00,12.00,16.00,20.25
289,Letarking,Epic,10.75,13.00,15.25,20.50,26.00,26.75,32.50,38.25,51.50,64.75
290,Nincada,Uncommon,1.30,1.57,1.85,2.50,3.15,3.24,3.93,4.63,6.24,7.86
291,Ninjask,Rare,5.88,7.14,8.40,11.25,14.25,14.75,17.75,21.00,28.25,35.75
292,Ninjatom,Rare,5.22,6.33,7.45,10.00,12.75,13.00,15.75,18.75,25.25,31.75
293,Flurmel,Common,0.16,0.20,0.23,0.31,0.39,0.40,0.49,0.58,0.78,0.98
294,Krakeelo,Common,0.22,0.27,0.32,0.43,0.54,0.56,0.68,0.80,1.08,1.36
295,Krawumms,Uncommon,0.81,0.99,1.16,1.57,1.97,2.03,2.47,2.90,3.92,4.93
296,Makuhita,Uncommon,0.36,0.44,0.52,0.70,0.88,0.91,1.11,1.30,1.76,2.21
297,Hariyama,Uncommon,1.08,1.31,1.54,2.08,2.62,2.69,3.27,3.85,5.20,6.55
298,Azurill,Uncommon,0.83,1.00,1.18,1.59,2.01,2.07,2.51,2.95,3.98,5.01
299,Nasgnet,Common,0.13,0.15,0.18,0.24,0.31,0.32,0.38,0.45,0.61,0.77
300,Eneco,Common,0.04,0.05,0.06,0.08,0.10,0.10,0.13,0.15,0.20,0.26
301,Enekoro,Common,0.18,0.21,0.25,0.34,0.43,0.44,0.53,0.63,0.84,1.06
302,Zobiris,Common,0.16,0.20,0.23,0.31,0.39,0.40,0.49,0.58,0.78,0.98
303,Flunkifer,Common,0.16,0.20,0.23,0.31,0.39,0.40,0.49,0.58,0.78,0.98
304,Stollunior,Uncommon,0.32,0.38,0.45,0.61,0.77,0.79,0.96,1.13,1.52,1.91
305,Stollrak,Uncommon,0.70,0.85,1.00,1.35,1.70,1.75,2.13,2.50,3.38,4.25
306,Stolloss,Rare,2.30,2.80,3.29,4.44,5.59,5.76,6.99,8.23,11.00,14.00
307,Meditie,Uncommon,0.34,0.42,0.49,0.66,0.83,0.86,1.04,1.23,1.65,2.08
308,Meditalis,Uncommon,1.04,1.27,1.49,2.01,2.53,2.61,3.17,3.73,5.03,6.33
309,Frizelbliz,Common,0.18,0.22,0.26,0.35,0.44,0.45,0.55,0.65,0.88,1.11
310,Voltenso,Uncommon,0.44,0.54,0.63,0.85,1.07,1.10,1.34,1.58,2.13,2.68
311,Plusle,Common,0.15,0.18,0.21,0.28,0.36,0.37,0.45,0.53,0.71,0.89
312,Minun,Common,0.18,0.21,0.25,0.34,0.43,0.44,0.53,0.63,0.84,1.06
313,Volbeat,Common,0.16,0.20,0.23,0.31,0.39,0.40,0.49,0.58,0.78,0.98
314,Illumise,Common,0.19,0.23,0.27,0.36,0.46,0.47,0.57,0.68,0.91,1.15
315,Roselia,Uncommon,0.74,0.90,1.06,1.43,1.80,1.86,2.25,2.65,3.58,4.51
316,Schluppuck,Common,0.03,0.03,0.04,0.05,0.07,0.07,0.09,0.10,0.14,0.17
317,Schlukwech,Common,0.20,0.25,0.29,0.39,0.49,0.51,0.62,0.73,0.98,1.23
318,Kanivanha,Uncommon,0.34,0.42,0.49,0.66,0.83,0.86,1.04,1.23,1.65,2.08
319,Tohaido,Uncommon,1.06,1.28,1.51,2.04,2.57,2.64,3.21,3.78,5.10,6.42
320,Wailmer,Common,0.13,0.15,0.18,0.24,0.31,0.32,0.38,0.45,0.61,0.77
321,Wailord,Uncommon,0.37,0.45,0.53,0.72,0.90,0.93,1.13,1.33,1.79,2.25
322,Camaub,Common,0.16,0.20,0.23,0.31,0.39,0.40,0.49,0.58,0.78,0.98
323,Camerupt,Uncommon,0.36,0.44,0.52,0.70,0.88,0.91,1.11,1.30,1.76,2.21
324,Qurtel,Uncommon,0.40,0.48,0.57,0.77,0.97,1.00,1.21,1.42,1.92,2.42
325,Spoink,Common,0.15,0.19,0.22,0.30,0.37,0.39,0.47,0.55,0.74,0.94
326,Groink,Uncommon,0.39,0.47,0.55,0.74,0.94,0.96,1.17,1.38,1.86,2.34
327,Pandir,Common,0.05,0.06,0.07,0.09,0.12,0.12,0.15,0.18,0.24,0.30
328,Knacklion,Uncommon,0.35,0.43,0.50,0.68,0.85,0.88,1.06,1.25,1.69,2.13
329,Vibrava,Uncommon,0.71,0.86,1.01,1.36,1.72,1.77,2.15,2.53,3.41,4.29
330,Libelldra,Rare,2.33,2.83,3.33,4.50,5.66,5.83,7.08,8.32,11.25,14.25
331,Tuska,Common,0.14,0.17,0.20,0.27,0.34,0.35,0.43,0.50,0.68,0.85
332,Noktuska,Uncommon,0.43,0.52,0.61,0.82,1.04,1.07,1.30,1.53,2.06,2.59
333,Wablu,Common,0.16,0.20,0.23,0.31,0.39,0.40,0.49,0.58,0.78,0.98
334,Altaria,Uncommon,0.42,0.51,0.60,0.81,1.02,1.05,1.27,1.50,2.03,2.55
335,Sengo,Rare,2.14,2.60,3.06,4.13,5.20,5.36,6.50,7.65,10.25,13.00
336,Vipitis,Uncommon,0.63,0.77,0.90,1.22,1.53,1.58,1.91,2.25,3.04,3.83
337,Lunastein,Uncommon,0.41,0.49,0.58,0.78,0.99,1.01,1.23,1.45,1.96,2.47
338,Sonnfel,Uncommon,0.45,0.54,0.64,0.86,1.09,1.12,1.36,1.60,2.16,2.72
339,Schmerbe,Common,0.13,0.15,0.18,0.24,0.31,0.32,0.38,0.45,0.61,0.77
340,Welsar,Uncommon,0.33,0.40,0.47,0.63,0.80,0.82,1.00,1.17,1.59,2.00
341,Krebscorps,Uncommon,0.32,0.38,0.45,0.61,0.77,0.79,0.96,1.13,1.52,1.91
342,Krebutack,Uncommon,1.15,1.40,1.65,2.23,2.81,2.89,3.51,4.13,5.57,7.01
343,Puppance,Common,0.15,0.19,0.22,0.30,0.37,0.39,0.47,0.55,0.74,0.94
344,Lepumentas,Uncommon,0.39,0.47,0.55,0.74,0.94,0.96,1.17,1.38,1.86,2.34
345,Liliep,Uncommon,0.60,0.72,0.85,1.15,1.44,1.49,1.81,2.13,2.87,3.61
346,Wielie,Uncommon,1.52,1.84,2.17,2.93,3.69,3.80,4.61,5.43,7.32,9.22
347,Anorith,Uncommon,0.58,0.71,0.83,1.12,1.41,1.45,1.76,2.07,2.80,3.53
348,Armaldo,Uncommon,1.31,1.59,1.87,2.52,3.18,3.27,3.97,4.68,6.31,7.95
349,Barschwa,Uncommon,1.35,1.64,1.93,2.61,3.28,3.38,4.10,4.83,6.51,8.20
350,Milotic,Rare,5.28,6.41,7.54,10.25,12.75,13.25,16.00,18.75,25.50,32.00
351,Formeo,Common,0.03,0.04,0.05,0.07,0.09,0.09,0.11,0.13,0.17,0.21
352,Kecleon,Common,0.17,0.20,0.24,0.32,0.41,0.42,0.51,0.60,0.81,1.02
353,Shuppet,Common,0.14,0.17,0.20,0.27,0.34,0.35,0.43,0.50,0.68,0.85
354,Banette,Uncommon,0.40,0.48,0.57,0.77,0.97,1.00,1.21,1.42,1.92,2.42
355,Zwirrlicht,Uncommon,0.32,0.39,0.46,0.62,0.78,0.81,0.98,1.15,1.55,1.96
356,Zwirrklop,Uncommon,0.76,0.93,1.09,1.47,1.85,1.91,2.32,2.73,3.68,4.63
357,Tropius,Uncommon,0.41,0.50,0.59,0.80,1.00,1.03,1.25,1.48,1.99,2.51
358,Palimpalim,Uncommon,0.39,0.47,0.55,0.74,0.94,0.96,1.17,1.38,1.86,2.34
359,Absol,Rare,1.99,2.41,2.84,3.83,4.83,4.97,6.03,7.10,9.59,12.00
360,Isso,Common,0.13,0.15,0.18,0.24,0.31,0.32,0.38,0.45,0.61,0.77
361,Schneppke,Common,0.15,0.18,0.21,0.28,0.36,0.37,0.45,0.53,0.71,0.89
362,Firnontor,Uncommon,0.34,0.41,0.48,0.65,0.82,0.84,1.02,1.20,1.62,2.04
363,Seemops,Common,0.15,0.19,0.22,0.30,0.37,0.39,0.47,0.55,0.74,0.94
364,Seejong,Common,0.22,0.26,0.31,0.42,0.53,0.54,0.66,0.78,1.05,1.32
365,Walraisa,Uncommon,0.73,0.88,1.04,1.40,1.77,1.82,2.21,2.60,3.51,4.42
366,Perlu,Uncommon,0.36,0.43,0.51,0.69,0.87,0.89,1.08,1.27,1.72,2.17
367,Aalabyss,Uncommon,1.12,1.36,1.60,2.16,2.72,2.80,3.40,4.00,5.40,6.80
368,Saganabyss,Uncommon,1.06,1.28,1.51,2.04,2.57,2.64,3.21,3.78,5.10,6.42
369,Relicanth,Uncommon,0.71,0.86,1.01,1.36,1.72,1.77,2.15,2.53,3.41,4.29
370,Liebiskus,Common,0.02,0.03,0.03,0.04,0.05,0.05,0.06,0.08,0.10,0.13
371,Kindwurm,Uncommon,1.45,1.76,2.07,2.79,3.52,3.62,4.40,5.18,6.99,8.80
372,Draschel,Rare,3.40,4.13,4.86,6.56,8.26,8.51,10.25,12.25,16.50,20.75
373,Brutalanda,Epic,29.50,36.00,42.25,57.00,71.75,74.00,89.75,106.00,143.00,180.00
374,Tanhel,Uncommon,1.39,1.69,1.99,2.69,3.38,3.48,4.23,4.97,6.72,8.46
375,Metang,Rare,3.23,3.92,4.61,6.22,7.84,8.07,9.80,11.50,15.50,19.50
376,Metagross,Epic,30.00,36.50,43.00,58.00,73.00,75.25,91.50,108.00,145.00,183.00
377,Regirock,Legendary,1098.00,1333.00,1568.00,2117.00,2666.00,2744.00,3332.00,3920.00,5292.00,6664.00
378,Regice,Legendary,879.00,1068.00,1256.00,1696.00,2135.00,2198.00,2669.00,3140.00,4239.00,5338.00
379,Registeel,Legendary,1105.00,1341.00,1578.00,2130.00,2683.00,2762.00,3353.00,3945.00,5326.00,6707.00
380,Latias,Legendary,1455.00,1766.00,2078.00,2805.00,3533.00,3637.00,4416.00,5195.00,7013.00,8832.00
381,Latios,Legendary,1446.00,1755.00,2065.00,2788.00,3511.00,3614.00,4388.00,5163.00,6969.00,8776.00
382,Kyogre,Mythic,5118.00,6215.00,7312.00,9871.00,12430.00,12796.00,15538.00,18280.00,24678.00,31076.00
383,Groudon,Mythic,5215.00,6333.00,7450.00,10058.00,12665.00,13038.00,15831.00,18625.00,25144.00,31663.00
384,Rayquaza,Secret Rare,9415.00,11433.00,13450.00,18158.00,22865.00,23538.00,28581.00,33625.00,45394.00,57163.00
385,Jirachi,Mythic,2561.00,3109.00,3658.00,4938.00,6219.00,6402.00,7773.00,9145.00,12346.00,15546.00
386,Deoxys,Mythic,2804.00,3405.00,4006.00,5408.00,6810.00,7011.00,8513.00,10015.00,13520.00,17026.00
387,Chelast,Uncommon,0.33,0.40,0.47,0.63,0.80,0.82,1.00,1.17,1.59,2.00
388,Chelcarain,Uncommon,0.65,0.79,0.93,1.26,1.58,1.63,1.98,2.33,3.14,3.95
389,Chelterrar,Rare,2.20,2.68,3.15,4.25,5.36,5.51,6.69,7.88,10.75,13.50
390,Panflam,Uncommon,0.34,0.41,0.48,0.65,0.82,0.84,1.02,1.20,1.62,2.04
391,Panpyro,Uncommon,0.79,0.96,1.13,1.53,1.92,1.98,2.40,2.83,3.81,4.80
392,Panferno,Rare,2.32,2.81,3.31,4.47,5.63,5.79,7.03,8.28,11.25,14.00
393,Plinfa,Uncommon,0.35,0.43,0.50,0.68,0.85,0.88,1.06,1.25,1.69,2.13
394,Pliprin,Uncommon,0.68,0.82,0.97,1.31,1.65,1.70,2.06,2.42,3.27,4.12
395,Impoleon,Rare,2.06,2.50,2.94,3.97,5.00,5.15,6.25,7.35,9.92,12.50
396,Staralili,Uncommon,0.35,0.43,0.50,0.68,0.85,0.88,1.06,1.25,1.69,2.13
397,Staravia,Uncommon,0.76,0.92,1.08,1.46,1.84,1.89,2.30,2.70,3.65,4.59
398,Staraptor,Rare,2.13,2.59,3.05,4.12,5.19,5.34,6.48,7.63,10.25,13.00
399,Bidiza,Common,0.15,0.19,0.22,0.30,0.37,0.39,0.47,0.55,0.74,0.94
400,Bidifas,Uncommon,0.35,0.43,0.50,0.68,0.85,0.88,1.06,1.25,1.69,2.13
401,Zirpurze,Common,0.03,0.03,0.04,0.05,0.07,0.07,0.09,0.10,0.14,0.17
402,Zirpeise,Common,0.20,0.25,0.29,0.39,0.49,0.51,0.62,0.73,0.98,1.23
403,Sheinux,Common,0.13,0.16,0.19,0.26,0.32,0.33,0.40,0.48,0.64,0.81
404,Luxio,Common,0.22,0.27,0.32,0.43,0.54,0.56,0.68,0.80,1.08,1.36
405,Luxtra,Uncommon,0.75,0.91,1.07,1.44,1.82,1.87,2.27,2.68,3.61,4.55
406,Knospi,Common,0.22,0.27,0.32,0.43,0.54,0.56,0.68,0.80,1.08,1.36
407,Roserade,Rare,2.17,2.64,3.10,4.19,5.27,5.43,6.59,7.75,10.50,13.25
408,Koknodon,Common,0.22,0.27,0.32,0.43,0.54,0.56,0.68,0.80,1.08,1.36
409,Rameidon,Uncommon,0.55,0.67,0.79,1.07,1.34,1.38,1.68,1.98,2.67,3.36
410,Schilterus,Uncommon,0.54,0.65,0.77,1.04,1.31,1.35,1.64,1.93,2.60,3.27
411,Bollterus,Uncommon,1.34,1.62,1.91,2.58,3.25,3.34,4.06,4.77,6.45,8.12
412,Burmy,Common,0.15,0.19,0.22,0.30,0.37,0.39,0.47,0.55,0.74,0.94
413,Burmadame,Uncommon,0.39,0.48,0.56,0.76,0.95,0.98,1.19,1.40,1.89,2.38
414,Moterpel,Uncommon,0.38,0.46,0.54,0.73,0.92,0.95,1.15,1.35,1.82,2.30
415,Wadribie,Common,0.13,0.16,0.19,0.26,0.32,0.33,0.40,0.48,0.64,0.81
416,Honweisel,Uncommon,0.36,0.44,0.52,0.70,0.88,0.91,1.11,1.30,1.76,2.21
417,Pachirisu,Common,0.18,0.22,0.26,0.35,0.44,0.45,0.55,0.65,0.88,1.11
418,Bamelin,Common,0.15,0.18,0.21,0.28,0.36,0.37,0.45,0.53,0.71,0.89
419,Bojelin,Uncommon,0.34,0.42,0.49,0.66,0.83,0.86,1.04,1.23,1.65,2.08
420,Kikugi,Common,0.02,0.03,0.03,0.04,0.05,0.05,0.06,0.08,0.10,0.13
421,Kinoso,Common,0.18,0.21,0.25,0.34,0.43,0.44,0.53,0.63,0.84,1.06
422,Schalellos,Uncommon,0.30,0.37,0.43,0.58,0.73,0.75,0.91,1.08,1.45,1.83
423,Gastrodon,Uncommon,1.02,1.24,1.46,1.97,2.48,2.56,3.10,3.65,4.93,6.20
424,Ambidiffel,Uncommon,0.33,0.40,0.47,0.63,0.80,0.82,1.00,1.17,1.59,2.00
425,Driftlon,Common,0.15,0.19,0.22,0.30,0.37,0.39,0.47,0.55,0.74,0.94
426,Drifzepeli,Uncommon,0.35,0.43,0.50,0.68,0.85,0.88,1.06,1.25,1.69,2.13
427,Haspiror,Common,0.15,0.19,0.22,0.30,0.37,0.39,0.47,0.55,0.74,0.94
428,Schlapor,Uncommon,0.40,0.48,0.57,0.77,0.97,1.00,1.21,1.42,1.92,2.42
429,Traunmagil,Uncommon,1.09,1.32,1.55,2.09,2.64,2.71,3.29,3.88,5.23,6.59
430,Kramshef,Uncommon,1.10,1.33,1.57,2.12,2.67,2.75,3.34,3.93,5.30,6.67
431,Charmian,Common,0.15,0.19,0.22,0.30,0.37,0.39,0.47,0.55,0.74,0.94
432,Shnurgarst,Uncommon,0.39,0.47,0.55,0.74,0.94,0.96,1.17,1.38,1.86,2.34
433,Klingplim,Common,0.11,0.14,0.16,0.22,0.27,0.28,0.34,0.40,0.54,0.68
434,Skunkapuh,Common,0.13,0.16,0.19,0.26,0.32,0.33,0.40,0.48,0.64,0.81
435,Skuntank,Uncommon,0.39,0.48,0.56,0.76,0.95,0.98,1.19,1.40,1.89,2.38
436,Bronzel,Uncommon,0.31,0.37,0.44,0.59,0.75,0.77,0.94,1.10,1.49,1.87
437,Bronzong,Uncommon,0.98,1.19,1.40,1.89,2.38,2.45,2.97,3.50,4.72,5.95
438,Mobai,Common,0.12,0.14,0.17,0.23,0.29,0.30,0.36,0.43,0.57,0.72
439,Pantimimi,Common,0.11,0.13,0.15,0.20,0.26,0.26,0.32,0.38,0.51,0.64
440,Wonneira,Common,0.15,0.19,0.22,0.30,0.37,0.39,0.47,0.55,0.74,0.94
441,Plaudagei,Common,0.18,0.22,0.26,0.35,0.44,0.45,0.55,0.65,0.88,1.11
442,Kryppuk,Rare,2.00,2.43,2.86,3.86,4.86,5.00,6.08,7.15,9.65,12.25
443,Kaumalat,Uncommon,1.43,1.74,2.05,2.77,3.48,3.59,4.36,5.13,6.92,8.71
444,Knarksel,Rare,3.80,4.62,5.43,7.33,9.23,9.50,11.50,13.50,18.25,23.00
445,Knakrack,Epic,37.25,45.25,53.25,72.00,90.50,93.25,113.00,133.00,180.00,226.00
446,Mampfaxo,Uncommon,1.07,1.30,1.53,2.07,2.60,2.68,3.25,3.83,5.16,6.50
447,Riolu,Uncommon,0.33,0.40,0.47,0.63,0.80,0.82,1.00,1.17,1.59,2.00
448,Lucario,Rare,6.08,7.38,8.68,11.75,14.75,15.25,18.50,21.75,29.25,37.00
449,Hippopotas,Uncommon,0.33,0.40,0.47,0.63,0.80,0.82,1.00,1.17,1.59,2.00
450,Hippoterus,Uncommon,1.06,1.29,1.52,2.05,2.58,2.66,3.23,3.80,5.13,6.46
451,Pionskora,Uncommon,0.34,0.42,0.49,0.66,0.83,0.86,1.04,1.23,1.65,2.08
452,Piondragi,Uncommon,1.05,1.27,1.50,2.03,2.55,2.62,3.19,3.75,5.06,6.38
453,Glibunkel,Common,0.15,0.18,0.21,0.28,0.36,0.37,0.45,0.53,0.71,0.89
454,Toxiquak,Uncommon,0.43,0.52,0.61,0.82,1.04,1.07,1.30,1.53,2.06,2.59
455,Venuflibis,Common,0.16,0.20,0.23,0.31,0.39,0.40,0.49,0.58,0.78,0.98
456,Finneon,Common,0.03,0.04,0.05,0.07,0.09,0.09,0.11,0.13,0.17,0.21
457,Lumineon,Common,0.16,0.20,0.23,0.31,0.39,0.40,0.49,0.58,0.78,0.98
458,Mantirps,Common,0.11,0.14,0.16,0.22,0.27,0.28,0.34,0.40,0.54,0.68
459,Shnebedeck,Common,0.14,0.17,0.20,0.27,0.34,0.35,0.43,0.50,0.68,0.85
460,Rexblisar,Uncommon,0.43,0.52,0.61,0.82,1.04,1.07,1.30,1.53,2.06,2.59
461,Snibunna,Rare,5.28,6.42,7.55,10.25,12.75,13.25,16.00,19.00,25.50,32.00
462,Magnezone,Epic,10.75,13.25,15.50,21.00,26.25,27.25,33.00,38.75,52.25,66.00
463,Schlurplek,Uncommon,1.28,1.56,1.83,2.47,3.11,3.20,3.89,4.58,6.18,7.78
464,Rihornior,Epic,10.75,13.00,15.25,20.50,26.00,26.75,32.50,38.25,51.50,64.75
465,Tangoloss,Uncommon,1.09,1.32,1.55,2.09,2.64,2.71,3.29,3.88,5.23,6.59
466,Elevoltek,Rare,2.25,2.74,3.22,4.35,5.47,5.64,6.84,8.05,10.75,13.75
467,Magbrant,Rare,2.20,2.67,3.14,4.24,5.34,5.50,6.67,7.85,10.50,13.25
468,Togekiss,Rare,2.22,2.69,3.17,4.28,5.39,5.55,6.74,7.93,10.75,13.50
469,Yanmega,Uncommon,1.09,1.32,1.55,2.09,2.64,2.71,3.29,3.88,5.23,6.59
470,Folipurba,Uncommon,1.27,1.54,1.81,2.44,3.08,3.17,3.85,4.53,6.11,7.69
471,Glaziola,Uncommon,1.30,1.58,1.86,2.51,3.16,3.26,3.95,4.65,6.28,7.90
472,Skorgro,Uncommon,0.97,1.17,1.38,1.86,2.35,2.41,2.93,3.45,4.66,5.86
473,Mamutel,Rare,2.30,2.79,3.28,4.43,5.58,5.74,6.97,8.20,11.00,14.00
474,Porygon-Z,Epic,10.75,13.25,15.50,21.00,26.25,27.25,33.00,38.75,52.25,66.00
475,Galagladi,Epic,10.75,13.00,15.25,20.50,26.00,26.75,32.50,38.25,51.50,64.75
476,Voluminas,Uncommon,0.38,0.46,0.54,0.73,0.92,0.95,1.15,1.35,1.82,2.30
477,Zwirrfinst,Rare,2.15,2.61,3.07,4.14,5.22,5.37,6.52,7.68,10.25,13.00
478,Frosdedje,Uncommon,0.34,0.42,0.49,0.66,0.83,0.86,1.04,1.23,1.65,2.08
479,Rotom,Rare,2.06,2.50,2.94,3.97,5.00,5.15,6.25,7.35,9.92,12.50
480,Selfe,Legendary,911.00,1107.00,1302.00,1758.00,2213.00,2279.00,2767.00,3255.00,4394.00,5534.00
481,Vesprit,Legendary,866.00,1051.00,1237.00,1670.00,2103.00,2165.00,2629.00,3093.00,4175.00,5257.00
482,Tobutz,Legendary,1122.00,1363.00,1603.00,2164.00,2725.00,2805.00,3406.00,4008.00,5410.00,6813.00
483,Dialga,Mythic,2435.00,2956.00,3478.00,4695.00,5913.00,6087.00,7391.00,8695.00,11738.00,14781.00
484,Palkia,Mythic,2451.00,2977.00,3502.00,4728.00,5953.00,6128.00,7442.00,8755.00,11819.00,14884.00
485,Heatran,Legendary,1469.00,1783.00,2098.00,2832.00,3567.00,3672.00,4458.00,5245.00,7081.00,8917.00
486,Regigigas,Legendary,1432.00,1738.00,2045.00,2761.00,3477.00,3579.00,4346.00,5113.00,6902.00,8691.00
487,Giratina,Mythic,2464.00,2992.00,3520.00,4752.00,5984.00,6160.00,7480.00,8800.00,11880.00,14960.00
488,Cresselia,Legendary,1188.00,1442.00,1697.00,2291.00,2885.00,2970.00,3606.00,4243.00,5727.00,7212.00
489,Phione,Legendary,1292.00,1568.00,1845.00,2491.00,3137.00,3229.00,3921.00,4613.00,6227.00,7841.00
490,Manaphy,Mythic,3404.00,4134.00,4863.00,6565.00,8267.00,8510.00,10334.00,12158.00,16413.00,20668.00
491,Darkrai,Mythic,3119.00,3787.00,4455.00,6014.00,7574.00,7796.00,9467.00,11138.00,15036.00,18934.00
492,Shaymin,Mythic,2549.00,3096.00,3642.00,4917.00,6191.00,6373.00,7739.00,9105.00,12292.00,15479.00
493,Arceus,Secret Rare,10820.00,13138.00,15457.00,20867.00,26277.00,27050.00,32846.00,38643.00,52167.00,65692.00
494,Victini,Mythic,2650.00,3218.00,3786.00,5111.00,6436.00,6626.00,8045.00,9465.00,12778.00,16091.00
495,Serpifeu,Uncommon,0.35,0.43,0.50,0.68,0.85,0.88,1.06,1.25,1.69,2.13
496,Efoserp,Uncommon,0.66,0.80,0.94,1.27,1.60,1.64,2.00,2.35,3.17,3.99
497,Serpiroyal,Rare,2.37,2.88,3.39,4.58,5.76,5.93,7.20,8.48,11.50,14.50
498,Floink,Uncommon,0.33,0.40,0.47,0.63,0.80,0.82,1.00,1.17,1.59,2.00
499,Ferkokel,Uncommon,0.74,0.90,1.06,1.43,1.80,1.86,2.25,2.65,3.58,4.51
500,Flambirex,Rare,2.22,2.69,3.17,4.28,5.39,5.55,6.74,7.93,10.75,13.50
501,Ottaro,Uncommon,0.31,0.37,0.44,0.59,0.75,0.77,0.94,1.10,1.49,1.87
502,Zwottronin,Uncommon,0.72,0.88,1.03,1.39,1.75,1.80,2.19,2.58,3.48,4.38
503,Admurai,Rare,2.19,2.66,3.13,4.23,5.32,5.48,6.65,7.82,10.50,13.25
504,Nagelotz,Common,0.03,0.04,0.05,0.07,0.09,0.09,0.11,0.13,0.17,0.21
505,Kukmarda,Common,0.20,0.24,0.28,0.38,0.48,0.49,0.60,0.70,0.95,1.19
506,Yorkleff,Uncommon,0.32,0.39,0.46,0.62,0.78,0.81,0.98,1.15,1.55,1.96
507,Terribark,Uncommon,0.71,0.87,1.02,1.38,1.73,1.79,2.17,2.55,3.44,4.34
508,Bissbark,Rare,2.07,2.52,2.96,4.00,5.03,5.18,6.29,7.40,9.99,12.50
509,Felilou,Common,0.15,0.19,0.22,0.30,0.37,0.39,0.47,0.55,0.74,0.94
510,Kleoparda,Uncommon,0.40,0.48,0.57,0.77,0.97,1.00,1.21,1.42,1.92,2.42
511,Vegimak,Common,0.15,0.19,0.22,0.30,0.37,0.39,0.47,0.55,0.74,0.94
512,Vegichita,Uncommon,0.36,0.43,0.51,0.69,0.87,0.89,1.08,1.27,1.72,2.17
513,Grillmak,Common,0.17,0.20,0.24,0.32,0.41,0.42,0.51,0.60,0.81,1.02
514,Grillchita,Uncommon,0.43,0.52,0.61,0.82,1.04,1.07,1.30,1.53,2.06,2.59
515,Sodamak,Common,0.13,0.15,0.18,0.24,0.31,0.32,0.38,0.45,0.61,0.77
516,Sodachita,Uncommon,0.36,0.43,0.51,0.69,0.87,0.89,1.08,1.27,1.72,2.17
517,Somniam,Common,0.13,0.15,0.18,0.24,0.31,0.32,0.38,0.45,0.61,0.77
518,Somnivora,Uncommon,0.41,0.49,0.58,0.78,0.99,1.01,1.23,1.45,1.96,2.47
519,Dusselgurr,Common,0.03,0.03,0.04,0.05,0.07,0.07,0.09,0.10,0.14,0.17
520,Navitaub,Common,0.12,0.14,0.17,0.23,0.29,0.30,0.36,0.43,0.57,0.72
521,Fasasnob,Uncommon,0.33,0.40,0.47,0.63,0.80,0.82,1.00,1.17,1.59,2.00
522,Elezeba,Common,0.15,0.19,0.22,0.30,0.37,0.39,0.47,0.55,0.74,0.94
523,Zebritz,Uncommon,0.36,0.43,0.51,0.69,0.87,0.89,1.08,1.27,1.72,2.17
524,Kiesling,Uncommon,0.28,0.34,0.40,0.54,0.68,0.70,0.85,1.00,1.35,1.70
525,Sedimantur,Uncommon,0.70,0.85,1.00,1.35,1.70,1.75,2.13,2.50,3.38,4.25
526,Brockoloss,Rare,2.23,2.71,3.19,4.31,5.42,5.58,6.78,7.98,10.75,13.50
527,Fleknoil,Uncommon,0.30,0.37,0.43,0.58,0.73,0.75,0.91,1.08,1.45,1.83
528,Fletiamo,Uncommon,0.96,1.16,1.37,1.85,2.33,2.40,2.91,3.43,4.62,5.82
529,Rotomurf,Uncommon,1.34,1.62,1.91,2.58,3.25,3.34,4.06,4.77,6.45,8.12
530,Stalobor,Rare,5.20,6.32,7.43,10.00,12.75,13.00,15.75,18.50,25.00,31.50
531,Ohrdoch,Uncommon,0.66,0.80,0.94,1.27,1.60,1.64,2.00,2.35,3.17,3.99
532,Praktibalk,Uncommon,1.54,1.87,2.20,2.97,3.74,3.85,4.68,5.50,7.43,9.35
533,Strepoli,Rare,3.82,4.63,5.45,7.36,9.27,9.54,11.50,13.75,18.50,23.25
534,Meistagrif,Epic,10.75,13.00,15.25,20.50,26.00,26.75,32.50,38.25,51.50,64.75
535,Schallquap,Uncommon,0.32,0.39,0.46,0.62,0.78,0.81,0.98,1.15,1.55,1.96
536,Mebrana,Uncommon,0.69,0.83,0.98,1.32,1.67,1.72,2.08,2.45,3.31,4.17
537,Branawarz,Rare,2.15,2.61,3.07,4.14,5.22,5.37,6.52,7.68,10.25,13.00
538,Jiutesto,Rare,2.02,2.45,2.88,3.89,4.90,5.04,6.12,7.20,9.72,12.25
539,Karadonis,Rare,1.97,2.40,2.82,3.81,4.79,4.93,5.99,7.05,9.52,12.00
540,Strawickl,Common,0.18,0.21,0.25,0.34,0.43,0.44,0.53,0.63,0.84,1.06
541,Folikon,Common,0.20,0.25,0.29,0.39,0.49,0.51,0.62,0.73,0.98,1.23
542,Matrifol,Uncommon,0.88,1.06,1.25,1.69,2.13,2.19,2.66,3.13,4.22,5.31
543,Toxiped,Uncommon,0.32,0.39,0.46,0.62,0.78,0.81,0.98,1.15,1.55,1.96
544,Rollum,Uncommon,0.71,0.87,1.02,1.38,1.73,1.79,2.17,2.55,3.44,4.34
545,Cerapendra,Rare,2.32,2.81,3.31,4.47,5.63,5.79,7.03,8.28,11.25,14.00
546,Waumboll,Uncommon,0.32,0.39,0.46,0.62,0.78,0.81,0.98,1.15,1.55,1.96
547,Elfun,Uncommon,0.97,1.18,1.39,1.88,2.36,2.43,2.95,3.47,4.69,5.91
548,Lilminip,Uncommon,0.34,0.42,0.49,0.66,0.83,0.86,1.04,1.23,1.65,2.08
549,Dressella,Uncommon,1.06,1.28,1.51,2.04,2.57,2.64,3.21,3.78,5.10,6.42
550,Barschuft,Uncommon,1.34,1.62,1.91,2.58,3.25,3.34,4.06,4.77,6.45,8.12
551,Ganovil,Uncommon,1.34,1.63,1.92,2.59,3.26,3.36,4.08,4.80,6.48,8.16
552,Rokkaiman,Rare,3.53,4.28,5.04,6.80,8.57,8.82,10.75,12.50,17.00,21.50
553,Rabigator,Epic,11.00,13.50,15.75,21.25,26.75,27.50,33.50,39.50,53.25,67.00
554,Flampion,Uncommon,1.28,1.56,1.83,2.47,3.11,3.20,3.89,4.58,6.18,7.78
555,Flampivian,Rare,5.77,7.00,8.24,11.00,14.00,14.50,17.50,20.50,27.75,35.00
556,Maracamba,Common,0.20,0.24,0.28,0.38,0.48,0.49,0.60,0.70,0.95,1.19
557,Lithomith,Uncommon,0.29,0.36,0.42,0.57,0.71,0.74,0.89,1.05,1.42,1.79
558,Castellith,Uncommon,1.10,1.33,1.57,2.12,2.67,2.75,3.34,3.93,5.30,6.67
559,Zurrokex,Uncommon,0.30,0.37,0.43,0.58,0.73,0.75,0.91,1.08,1.45,1.83
560,Irokex,Uncommon,1.10,1.33,1.57,2.12,2.67,2.75,3.34,3.93,5.30,6.67
561,Symvolara,Rare,2.15,2.61,3.07,4.14,5.22,5.37,6.52,7.68,10.25,13.00
562,Makabaja,Uncommon,0.32,0.38,0.45,0.61,0.77,0.79,0.96,1.13,1.52,1.91
563,Echnatoll,Uncommon,0.91,1.11,1.30,1.76,2.21,2.28,2.76,3.25,4.39,5.53
564,Galapaflos,Uncommon,0.55,0.67,0.79,1.07,1.34,1.38,1.68,1.98,2.67,3.36
565,Karippas,Uncommon,1.18,1.44,1.69,2.28,2.87,2.96,3.59,4.22,5.70,7.18
566,Flapteryx,Uncommon,0.55,0.66,0.78,1.05,1.33,1.36,1.66,1.95,2.63,3.32
567,Aeropteryx,Uncommon,1.19,1.44,1.70,2.30,2.89,2.97,3.61,4.25,5.74,7.23
568,Unratütox,Common,0.16,0.20,0.23,0.31,0.39,0.40,0.49,0.58,0.78,0.98
569,Deponitox,Uncommon,0.33,0.40,0.47,0.63,0.80,0.82,1.00,1.17,1.59,2.00
570,Zorua,Uncommon,0.35,0.43,0.50,0.68,0.85,0.88,1.06,1.25,1.69,2.13
571,Zoroark,Uncommon,1.01,1.22,1.44,1.94,2.45,2.52,3.06,3.60,4.86,6.12
572,Picochilla,Uncommon,0.31,0.37,0.44,0.59,0.75,0.77,0.94,1.10,1.49,1.87
573,Chillabell,Uncommon,1.08,1.31,1.54,2.08,2.62,2.69,3.27,3.85,5.20,6.55
574,Mollimorba,Uncommon,0.33,0.40,0.47,0.63,0.80,0.82,1.00,1.17,1.59,2.00
575,Hypnomorba,Uncommon,0.74,0.89,1.05,1.42,1.79,1.84,2.23,2.63,3.54,4.46
576,Morbitesse,Rare,2.31,2.81,3.30,4.46,5.61,5.77,7.01,8.25,11.25,14.00
577,Monozyto,Uncommon,0.34,0.42,0.49,0.66,0.83,0.86,1.04,1.23,1.65,2.08
578,Mitodos,Uncommon,0.69,0.83,0.98,1.32,1.67,1.72,2.08,2.45,3.31,4.17
579,Zytomega,Rare,2.38,2.89,3.40,4.59,5.78,5.95,7.23,8.50,11.50,14.50
580,Piccolente,Common,0.18,0.22,0.26,0.35,0.44,0.45,0.55,0.65,0.88,1.11
581,Swaroness,Uncommon,0.34,0.41,0.48,0.65,0.82,0.84,1.02,1.20,1.62,2.04
582,Gelatini,Uncommon,0.29,0.35,0.41,0.55,0.70,0.72,0.87,1.02,1.38,1.74
583,Gelatroppo,Uncommon,0.68,0.82,0.97,1.31,1.65,1.70,2.06,2.42,3.27,4.12
584,Gelatwino,Rare,2.31,2.81,3.30,4.46,5.61,5.77,7.01,8.25,11.25,14.00
585,Sesokitz,Common,0.14,0.17,0.20,0.27,0.34,0.35,0.43,0.50,0.68,0.85
586,Kronjuwild,Uncommon,0.40,0.48,0.57,0.77,0.97,1.00,1.21,1.42,1.92,2.42
587,Emolga,Common,0.19,0.23,0.27,0.36,0.46,0.47,0.57,0.68,0.91,1.15
588,Laukaps,Uncommon,0.32,0.39,0.46,0.62,0.78,0.81,0.98,1.15,1.55,1.96
589,Cavalanzas,Uncommon,1.09,1.33,1.56,2.11,2.65,2.73,3.32,3.90,5.27,6.63
590,Tarnpignon,Uncommon,0.36,0.43,0.51,0.69,0.87,0.89,1.08,1.27,1.72,2.17
591,Hutsassa,Uncommon,0.96,1.16,1.37,1.85,2.33,2.40,2.91,3.43,4.62,5.82
592,Quabbel,Uncommon,0.29,0.35,0.41,0.55,0.70,0.72,0.87,1.02,1.38,1.74
593,Apoquallyp,Uncommon,1.08,1.31,1.54,2.08,2.62,2.69,3.27,3.85,5.20,6.55
594,Mamolida,Uncommon,0.66,0.80,0.94,1.27,1.60,1.64,2.00,2.35,3.17,3.99
595,Wattzapf,Uncommon,0.33,0.40,0.47,0.63,0.80,0.82,1.00,1.17,1.59,2.00
596,Voltula,Uncommon,1.03,1.25,1.47,1.98,2.50,2.57,3.12,3.68,4.96,6.25
597,Kastadur,Uncommon,0.32,0.39,0.46,0.62,0.78,0.81,0.98,1.15,1.55,1.96
598,Tentantel,Uncommon,1.18,1.43,1.68,2.27,2.86,2.94,3.57,4.20,5.67,7.14
599,Klikk,Uncommon,0.37,0.45,0.53,0.72,0.90,0.93,1.13,1.33,1.79,2.25
600,Kliklak,Uncommon,0.74,0.90,1.06,1.43,1.80,1.86,2.25,2.65,3.58,4.51
601,Klikdiklak,Rare,2.18,2.64,3.11,4.20,5.29,5.44,6.61,7.78,10.50,13.25
602,Zapplardin,Common,0.13,0.16,0.19,0.26,0.32,0.33,0.40,0.48,0.64,0.81
603,Zapplalek,Common,0.20,0.24,0.28,0.38,0.48,0.49,0.60,0.70,0.95,1.19
604,Zapplarang,Uncommon,0.78,0.94,1.11,1.50,1.89,1.94,2.36,2.78,3.75,4.72
605,Pygraulon,Common,0.15,0.18,0.21,0.28,0.36,0.37,0.45,0.53,0.71,0.89
606,Megalon,Uncommon,0.40,0.48,0.57,0.77,0.97,1.00,1.21,1.42,1.92,2.42
607,Lichtel,Uncommon,0.34,0.41,0.48,0.65,0.82,0.84,1.02,1.20,1.62,2.04
608,Laternecto,Uncommon,0.72,0.88,1.03,1.39,1.75,1.80,2.19,2.58,3.48,4.38
609,Skelabra,Rare,2.19,2.66,3.13,4.23,5.32,5.48,6.65,7.82,10.50,13.25
610,Milza,Uncommon,1.36,1.65,1.94,2.62,3.30,3.39,4.12,4.85,6.55,8.25
611,Sharfax,Rare,3.72,4.52,5.32,7.18,9.04,9.31,11.25,13.25,18.00,22.50
612,Maxax,Epic,10.75,13.25,15.50,21.00,26.25,27.25,33.00,38.75,52.25,66.00
613,Petznief,Common,0.15,0.19,0.22,0.30,0.37,0.39,0.47,0.55,0.74,0.94
614,Siberio,Uncommon,0.34,0.42,0.49,0.66,0.83,0.86,1.04,1.23,1.65,2.08
615,Frigometri,Rare,2.16,2.63,3.09,4.17,5.25,5.41,6.57,7.73,10.50,13.25
616,Schnuthelm,Common,0.15,0.19,0.22,0.30,0.37,0.39,0.47,0.55,0.74,0.94
617,Hydragil,Uncommon,0.39,0.47,0.55,0.74,0.94,0.96,1.17,1.38,1.86,2.34
618,Flunschlik,Uncommon,0.47,0.57,0.67,0.90,1.14,1.17,1.42,1.68,2.26,2.85
619,Lin-Fu,Uncommon,0.39,0.48,0.56,0.76,0.95,0.98,1.19,1.40,1.89,2.38
620,Wie-Shu,Uncommon,1.09,1.33,1.56,2.11,2.65,2.73,3.32,3.90,5.27,6.63
621,Shardrago,Rare,1.90,2.31,2.72,3.67,4.62,4.76,5.78,6.80,9.18,11.50
622,Golbit,Uncommon,0.34,0.41,0.48,0.65,0.82,0.84,1.02,1.20,1.62,2.04
623,Golgantes,Uncommon,0.97,1.17,1.38,1.86,2.35,2.41,2.93,3.45,4.66,5.86
624,Gladiantri,Uncommon,1.43,1.73,2.04,2.75,3.47,3.57,4.34,5.10,6.89,8.67
625,Caesurio,Rare,3.57,4.34,5.10,6.89,8.67,8.92,10.75,12.75,17.25,21.75
626,Bisofank,Rare,1.79,2.18,2.56,3.46,4.35,4.48,5.44,6.40,8.64,11.00
627,Geronimatz,Uncommon,0.34,0.41,0.48,0.65,0.82,0.84,1.02,1.20,1.62,2.04
628,Washakwil,Uncommon,1.10,1.33,1.57,2.12,2.67,2.75,3.34,3.93,5.30,6.67
629,Skallyk,Uncommon,0.33,0.40,0.47,0.63,0.80,0.82,1.00,1.17,1.59,2.00
630,Grypheldis,Uncommon,1.04,1.27,1.49,2.01,2.53,2.61,3.17,3.73,5.03,6.33
631,Furnifraß,Uncommon,0.64,0.78,0.92,1.24,1.56,1.61,1.96,2.30,3.11,3.91
632,Fermicula,Rare,2.01,2.44,2.87,3.87,4.88,5.02,6.10,7.18,9.69,12.25
633,Kapuno,Uncommon,1.40,1.70,2.00,2.70,3.40,3.50,4.25,5.00,6.75,8.50
634,Duodino,Rare,3.42,4.15,4.88,6.59,8.30,8.54,10.25,12.25,16.50,20.75
635,Trikephalo,Epic,11.00,13.50,15.75,21.25,26.75,27.50,33.50,39.50,53.25,67.00
636,Ignivor,Uncommon,1.28,1.56,1.83,2.47,3.11,3.20,3.89,4.58,6.18,7.78
637,Ramoth,Rare,5.54,6.72,7.91,10.75,13.50,13.75,16.75,19.75,26.75,33.50
638,Kobalium,Legendary,1177.00,1430.00,1682.00,2271.00,2859.00,2943.00,3574.00,4205.00,5677.00,7149.00
639,Terrakium,Legendary,1438.00,1746.00,2054.00,2773.00,3492.00,3595.00,4365.00,5135.00,6932.00,8730.00
640,Viridium,Legendary,1106.00,1343.00,1580.00,2133.00,2686.00,2765.00,3358.00,3950.00,5333.00,6715.00
641,Boreos,Legendary,1120.00,1360.00,1600.00,2160.00,2720.00,2800.00,3400.00,4000.00,5400.00,6800.00
642,Voltolos,Legendary,1494.00,1814.00,2134.00,2881.00,3628.00,3735.00,4535.00,5335.00,7202.00,9070.00
643,Reshiram,Mythic,2531.00,3073.00,3615.00,4880.00,6146.00,6326.00,7682.00,9038.00,12201.00,15364.00
644,Zekrom,Mythic,2542.00,3087.00,3632.00,4903.00,6174.00,6356.00,7718.00,9080.00,12258.00,15436.00
645,Demeteros,Legendary,1551.00,1883.00,2215.00,2990.00,3766.00,3876.00,4707.00,5538.00,7476.00,9414.00
646,Kyurem,Mythic,2545.00,3091.00,3636.00,4909.00,6181.00,6363.00,7727.00,9090.00,12272.00,15453.00
647,Keldeo,Mythic,2668.00,3240.00,3812.00,5146.00,6480.00,6671.00,8101.00,9530.00,12866.00,16201.00
648,Meloetta,Mythic,3193.00,3878.00,4562.00,6159.00,7755.00,7983.00,9694.00,11405.00,15397.00,19389.00
649,Genesect,Mythic,2712.00,3293.00,3874.00,5230.00,6586.00,6779.00,8232.00,9685.00,13075.00,16465.00
650,Igamaro,Uncommon,0.31,0.37,0.44,0.59,0.75,0.77,0.94,1.10,1.49,1.87
651,Igastarnish,Uncommon,0.81,0.98,1.15,1.55,1.95,2.01,2.44,2.88,3.88,4.89
652,Brigaron,Rare,2.27,2.75,3.24,4.37,5.51,5.67,6.89,8.10,11.00,13.75
653,Fynx,Uncommon,0.38,0.46,0.54,0.73,0.92,0.95,1.15,1.35,1.82,2.30
654,Rutena,Uncommon,0.76,0.93,1.09,1.47,1.85,1.91,2.32,2.73,3.68,4.63
655,Fennexis,Rare,2.31,2.81,3.30,4.46,5.61,5.77,7.01,8.25,11.25,14.00
656,Froxy,Uncommon,1.08,1.31,1.54,2.08,2.62,2.69,3.27,3.85,5.20,6.55
657,Amphizel,Rare,2.29,2.78,3.27,4.41,5.56,5.72,6.95,8.18,11.00,14.00
658,Quajutsu,Epic,32.00,39.00,45.75,61.75,77.75,80.00,97.25,114.00,154.00,194.00
659,Scoppel,Uncommon,0.32,0.39,0.46,0.62,0.78,0.81,0.98,1.15,1.55,1.96
660,Grebbit,Uncommon,1.08,1.31,1.54,2.08,2.62,2.69,3.27,3.85,5.20,6.55
661,Dartiri,Uncommon,0.33,0.40,0.47,0.63,0.80,0.82,1.00,1.17,1.59,2.00
662,Dartignis,Uncommon,0.81,0.99,1.16,1.57,1.97,2.03,2.47,2.90,3.92,4.93
663,Fiaro,Rare,2.14,2.60,3.06,4.13,5.20,5.36,6.50,7.65,10.25,13.00
664,Purmel,Common,0.15,0.18,0.21,0.28,0.36,0.37,0.45,0.53,0.71,0.89
665,Puponcho,Common,0.22,0.27,0.32,0.43,0.54,0.56,0.68,0.80,1.08,1.36
666,Vivillon,Uncommon,0.81,0.99,1.16,1.57,1.97,2.03,2.47,2.90,3.92,4.93
667,Leufeo,Common,0.16,0.20,0.23,0.31,0.39,0.40,0.49,0.58,0.78,0.98
668,Pyroleo,Uncommon,0.36,0.44,0.52,0.70,0.88,0.91,1.11,1.30,1.76,2.21
669,Flabébé,Uncommon,0.32,0.38,0.45,0.61,0.77,0.79,0.96,1.13,1.52,1.91
670,Floette,Uncommon,0.73,0.88,1.04,1.40,1.77,1.82,2.21,2.60,3.51,4.42
671,Florges,Rare,2.34,2.84,3.34,4.51,5.68,5.84,7.10,8.35,11.25,14.25
672,Mähikel,Common,0.13,0.16,0.19,0.26,0.32,0.33,0.40,0.48,0.64,0.81
673,Chevrumm,Uncommon,0.41,0.49,0.58,0.78,0.99,1.01,1.23,1.45,1.96,2.47
674,Pam-Pam,Uncommon,0.33,0.40,0.47,0.63,0.80,0.82,1.00,1.17,1.59,2.00
675,Pandagro,Uncommon,1.02,1.24,1.46,1.97,2.48,2.56,3.10,3.65,4.93,6.20
676,Coiffwaff,Uncommon,0.44,0.54,0.63,0.85,1.07,1.10,1.34,1.58,2.13,2.68
677,Psiau,Common,0.15,0.18,0.21,0.28,0.36,0.37,0.45,0.53,0.71,0.89
678,Psiaugon,Uncommon,0.37,0.45,0.53,0.72,0.90,0.93,1.13,1.33,1.79,2.25
679,Gramokles,Uncommon,1.23,1.50,1.76,2.38,2.99,3.08,3.74,4.40,5.94,7.48
680,Duokles,Rare,3.64,4.42,5.20,7.02,8.84,9.10,11.00,13.00,17.50,22.00
681,Durengard,Epic,10.75,13.25,15.50,21.00,26.25,27.25,33.00,38.75,52.25,66.00
682,Parfi,Common,0.15,0.18,0.21,0.28,0.36,0.37,0.45,0.53,0.71,0.89
683,Parfinesse,Uncommon,0.36,0.44,0.52,0.70,0.88,0.91,1.11,1.30,1.76,2.21
684,Flauschling,Uncommon,0.36,0.43,0.51,0.69,0.87,0.89,1.08,1.27,1.72,2.17
685,Sabbaione,Uncommon,1.07,1.30,1.53,2.07,2.60,2.68,3.25,3.83,5.16,6.50
686,Iscalar,Uncommon,0.29,0.35,0.41,0.55,0.70,0.72,0.87,1.02,1.38,1.74
687,Calamanero,Uncommon,1.19,1.44,1.70,2.30,2.89,2.97,3.61,4.25,5.74,7.23
688,Bithora,Uncommon,0.34,0.42,0.49,0.66,0.83,0.86,1.04,1.23,1.65,2.08
689,Thanathora,Uncommon,1.01,1.23,1.45,1.96,2.47,2.54,3.08,3.63,4.89,6.16
690,Algitt,Common,0.15,0.19,0.22,0.30,0.37,0.39,0.47,0.55,0.74,0.94
691,Tandrak,Uncommon,0.41,0.50,0.59,0.80,1.00,1.03,1.25,1.48,1.99,2.51
692,Scampisto,Uncommon,0.34,0.42,0.49,0.66,0.83,0.86,1.04,1.23,1.65,2.08
693,Wummer,Uncommon,1.00,1.22,1.43,1.93,2.43,2.50,3.04,3.58,4.83,6.08
694,Eguana,Uncommon,0.32,0.38,0.45,0.61,0.77,0.79,0.96,1.13,1.52,1.91
695,Elezard,Uncommon,1.08,1.31,1.54,2.08,2.62,2.69,3.27,3.85,5.20,6.55
696,Balgoras,Uncommon,0.56,0.68,0.80,1.08,1.36,1.40,1.70,2.00,2.70,3.40
697,Monargoras,Uncommon,1.30,1.58,1.86,2.51,3.16,3.26,3.95,4.65,6.28,7.90
698,Amarino,Common,0.19,0.23,0.27,0.36,0.46,0.47,0.57,0.68,0.91,1.15
699,Amagarga,Uncommon,0.60,0.72,0.85,1.15,1.44,1.49,1.81,2.13,2.87,3.61
700,Feelinara,Rare,3.56,4.33,5.09,6.87,8.65,8.91,10.75,12.75,17.25,21.75
701,Resladero,Rare,2.14,2.60,3.06,4.13,5.20,5.36,6.50,7.65,10.25,13.00
702,Dedenne,Common,0.20,0.25,0.29,0.39,0.49,0.51,0.62,0.73,0.98,1.23
703,Rocara,Common,0.15,0.19,0.22,0.30,0.37,0.39,0.47,0.55,0.74,0.94
704,Viscora,Uncommon,1.48,1.80,2.12,2.86,3.60,3.71,4.51,5.30,7.16,9.01
705,Viscargot,Rare,3.45,4.19,4.93,6.66,8.38,8.63,10.50,12.25,16.75,21.00
706,Viscogon,Epic,10.50,12.75,15.00,20.25,25.50,26.25,32.00,37.50,50.75,63.75
707,Clavion,Uncommon,0.40,0.48,0.57,0.77,0.97,1.00,1.21,1.42,1.92,2.42
708,Paragoni,Common,0.15,0.19,0.22,0.30,0.37,0.39,0.47,0.55,0.74,0.94
709,Trombork,Uncommon,0.41,0.49,0.58,0.78,0.99,1.01,1.23,1.45,1.96,2.47
710,Irrbis,Common,0.12,0.14,0.17,0.23,0.29,0.30,0.36,0.43,0.57,0.72
711,Pumpdjinn,Uncommon,0.34,0.42,0.49,0.66,0.83,0.86,1.04,1.23,1.65,2.08
712,Arktip,Uncommon,0.36,0.43,0.51,0.69,0.87,0.89,1.08,1.27,1.72,2.17
713,Arktilas,Uncommon,1.04,1.27,1.49,2.01,2.53,2.61,3.17,3.73,5.03,6.33
714,eF-eM,Uncommon,0.54,0.65,0.77,1.04,1.31,1.35,1.64,1.93,2.60,3.27
715,UHaFnir,Uncommon,1.22,1.49,1.75,2.36,2.98,3.06,3.72,4.38,5.91,7.44
716,Xerneas,Mythic,2519.00,3059.00,3599.00,4859.00,6118.00,6298.00,7648.00,8998.00,12147.00,15296.00
717,Yveltal,Mythic,2440.00,2963.00,3486.00,4706.00,5926.00,6101.00,7408.00,8715.00,11765.00,14816.00
718,Zygarde,Mythic,2440.00,2963.00,3486.00,4706.00,5926.00,6101.00,7408.00,8715.00,11765.00,14816.00
719,Diancie,Mythic,3301.00,4009.00,4716.00,6367.00,8017.00,8253.00,10022.00,11790.00,15917.00,20043.00
720,Hoopa,Mythic,3102.00,3767.00,4432.00,5983.00,7534.00,7756.00,9418.00,11080.00,14958.00,18836.00
721,Volcanion,Mythic,3444.00,4182.00,4920.00,6642.00,8364.00,8610.00,10455.00,12300.00,16605.00,20910.00
722,Bauz,Uncommon,0.34,0.41,0.48,0.65,0.82,0.84,1.02,1.20,1.62,2.04
723,Arboretoss,Uncommon,0.81,0.98,1.15,1.55,1.95,2.01,2.44,2.88,3.88,4.89
724,Silvarro,Rare,2.30,2.79,3.28,4.43,5.58,5.74,6.97,8.20,11.00,14.00
725,Flamiau,Uncommon,0.35,0.43,0.50,0.68,0.85,0.88,1.06,1.25,1.69,2.13
726,Miezunder,Uncommon,0.74,0.90,1.06,1.43,1.80,1.86,2.25,2.65,3.58,4.51
727,Fuegro,Rare,2.18,2.65,3.12,4.21,5.30,5.46,6.63,7.80,10.50,13.25
728,Robball,Uncommon,1.01,1.23,1.45,1.96,2.47,2.54,3.08,3.63,4.89,6.16
729,Marikeck,Rare,2.40,2.92,3.43,4.63,5.83,6.00,7.29,8.58,11.50,14.50
730,Primarene,Rare,6.51,7.91,9.30,12.50,15.75,16.25,19.75,23.25,31.50,39.50
731,Peppeck,Common,0.15,0.19,0.22,0.30,0.37,0.39,0.47,0.55,0.74,0.94
732,Trompeck,Common,0.22,0.27,0.32,0.43,0.54,0.56,0.68,0.80,1.08,1.36
733,Tukanon,Uncommon,0.77,0.94,1.10,1.49,1.87,1.93,2.34,2.75,3.71,4.68
734,Mangunior,Common,0.13,0.16,0.19,0.26,0.32,0.33,0.40,0.48,0.64,0.81
735,Manguspektor,Uncommon,0.40,0.48,0.57,0.77,0.97,1.00,1.21,1.42,1.92,2.42
736,Mabula,Uncommon,0.32,0.38,0.45,0.61,0.77,0.79,0.96,1.13,1.52,1.91
737,Akkup,Uncommon,0.78,0.95,1.12,1.51,1.90,1.96,2.38,2.80,3.78,4.76
738,Donarion,Rare,2.26,2.75,3.23,4.36,5.49,5.65,6.86,8.07,11.00,13.75
739,Krabbox,Uncommon,0.34,0.41,0.48,0.65,0.82,0.84,1.02,1.20,1.62,2.04
740,Krawell,Uncommon,1.07,1.30,1.53,2.07,2.60,2.68,3.25,3.83,5.16,6.50
741,Choreogel,Uncommon,0.43,0.53,0.62,0.84,1.05,1.09,1.32,1.55,2.09,2.64
742,Wommel,Uncommon,0.29,0.36,0.42,0.57,0.71,0.74,0.89,1.05,1.42,1.79
743,Bandelby,Uncommon,0.98,1.19,1.40,1.89,2.38,2.45,2.97,3.50,4.72,5.95
744,Wuffels,Uncommon,0.36,0.43,0.51,0.69,0.87,0.89,1.08,1.27,1.72,2.17
745,Wolwerock,Uncommon,1.05,1.27,1.50,2.03,2.55,2.62,3.19,3.75,5.06,6.38
746,Lusardin,Common,0.17,0.20,0.24,0.32,0.41,0.42,0.51,0.60,0.81,1.02
747,Garstella,Common,0.15,0.19,0.22,0.30,0.37,0.39,0.47,0.55,0.74,0.94
748,Aggrostella,Uncommon,0.36,0.44,0.52,0.70,0.88,0.91,1.11,1.30,1.76,2.21
749,Pampuli,Uncommon,0.30,0.37,0.43,0.58,0.73,0.75,0.91,1.08,1.45,1.83
750,Pampross,Uncommon,1.06,1.28,1.51,2.04,2.57,2.64,3.21,3.78,5.10,6.42
751,Araqua,Uncommon,0.34,0.41,0.48,0.65,0.82,0.84,1.02,1.20,1.62,2.04
752,Aranestro,Uncommon,1.12,1.36,1.60,2.16,2.72,2.80,3.40,4.00,5.40,6.80
753,Imantis,Common,0.16,0.20,0.23,0.31,0.39,0.40,0.49,0.58,0.78,0.98
754,Mantidea,Uncommon,0.35,0.43,0.50,0.68,0.85,0.88,1.06,1.25,1.69,2.13
755,Bubungus,Common,0.14,0.17,0.20,0.27,0.34,0.35,0.43,0.50,0.68,0.85
756,Lamellux,Uncommon,0.36,0.44,0.52,0.70,0.88,0.91,1.11,1.30,1.76,2.21
757,Molunk,Uncommon,0.37,0.45,0.53,0.72,0.90,0.93,1.13,1.33,1.79,2.25
758,Amfira,Uncommon,1.11,1.34,1.58,2.13,2.69,2.76,3.36,3.95,5.33,6.72
759,Velursi,Uncommon,0.29,0.36,0.42,0.57,0.71,0.74,0.89,1.05,1.42,1.79
760,Kosturso,Uncommon,1.14,1.39,1.63,2.20,2.77,2.85,3.46,4.07,5.50,6.93
761,Frubberl,Uncommon,0.35,0.43,0.50,0.68,0.85,0.88,1.06,1.25,1.69,2.13
762,Frubaila,Uncommon,0.83,1.00,1.18,1.59,2.01,2.07,2.51,2.95,3.98,5.01
763,Fruyal,Rare,2.15,2.61,3.07,4.14,5.22,5.37,6.52,7.68,10.25,13.00
764,Curelei,Rare,2.14,2.60,3.06,4.13,5.20,5.36,6.50,7.65,10.25,13.00
765,Kommandutan,Rare,1.95,2.36,2.78,3.75,4.73,4.86,5.91,6.95,9.38,11.75
766,Quartermak,Rare,2.05,2.49,2.93,3.96,4.98,5.13,6.23,7.33,9.89,12.50
767,Reißlaus,Uncommon,0.33,0.40,0.47,0.63,0.80,0.82,1.00,1.17,1.59,2.00
768,Tectass,Uncommon,0.98,1.19,1.40,1.89,2.38,2.45,2.97,3.50,4.72,5.95
769,Sankabuh,Uncommon,0.33,0.40,0.47,0.63,0.80,0.82,1.00,1.17,1.59,2.00
770,Colossand,Uncommon,0.98,1.19,1.40,1.89,2.38,2.45,2.97,3.50,4.72,5.95
771,Gufa,Common,0.18,0.21,0.25,0.34,0.43,0.44,0.53,0.63,0.84,1.06
772,Typ:Null,Legendary,850.00,1032.00,1214.00,1639.00,2064.00,2125.00,2580.00,3035.00,4097.00,5159.00
773,Amigento,Legendary,874.00,1062.00,1249.00,1686.00,2123.00,2186.00,2654.00,3123.00,4215.00,5308.00
774,Meteno,Rare,1.92,2.33,2.74,3.70,4.66,4.80,5.82,6.85,9.25,11.75
775,Koalelu,Uncommon,0.45,0.55,0.65,0.88,1.11,1.14,1.38,1.63,2.19,2.76
776,Tortunator,Rare,2.09,2.53,2.98,4.02,5.07,5.22,6.33,7.45,10.00,12.75
777,Togedemaru,Uncommon,0.44,0.54,0.63,0.85,1.07,1.10,1.34,1.58,2.13,2.68
778,Mimigma,Rare,5.49,6.67,7.85,10.50,13.25,13.75,16.75,19.75,26.50,33.25
779,Knirfish,Rare,1.97,2.40,2.82,3.81,4.79,4.93,5.99,7.05,9.52,12.00
780,Sen-Long,Rare,1.96,2.38,2.80,3.78,4.76,4.90,5.95,7.00,9.45,12.00
781,Moruda,Rare,2.13,2.59,3.05,4.12,5.19,5.34,6.48,7.63,10.25,13.00
782,Miniras,Uncommon,1.41,1.71,2.01,2.71,3.42,3.52,4.27,5.02,6.78,8.54
783,Mediras,Rare,3.41,4.14,4.87,6.57,8.28,8.52,10.25,12.25,16.50,20.75
784,Grandiras,Epic,10.75,13.25,15.50,21.00,26.25,27.25,33.00,38.75,52.25,66.00
785,Kapu-Riki,Legendary,1110.00,1348.00,1586.00,2141.00,2696.00,2775.00,3370.00,3965.00,5353.00,6741.00
786,Kapu-Fala,Legendary,1456.00,1768.00,2080.00,2808.00,3536.00,3640.00,4420.00,5200.00,7020.00,8840.00
787,Kapu-Toro,Legendary,1204.00,1462.00,1720.00,2322.00,2924.00,3010.00,3655.00,4300.00,5805.00,7310.00
788,Kapu-Kime,Legendary,1088.00,1321.00,1554.00,2098.00,2642.00,2720.00,3302.00,3885.00,5245.00,6604.00
789,Cosmog,Legendary,1377.00,1672.00,1967.00,2655.00,3344.00,3442.00,4180.00,4918.00,6639.00,8360.00
790,Cosmovum,Legendary,1503.00,1825.00,2147.00,2898.00,3650.00,3757.00,4562.00,5368.00,7246.00,9125.00
791,Solgaleo,Legendary,1712.00,2078.00,2445.00,3301.00,4157.00,4279.00,5196.00,6113.00,8252.00,10391.00
792,Lunala,Legendary,1700.00,2065.00,2429.00,3279.00,4129.00,4251.00,5162.00,6073.00,8198.00,10323.00
793,Anego,Epic,37.50,45.50,53.50,72.25,91.00,93.50,114.00,134.00,181.00,227.00
794,Masskito,Epic,36.50,44.25,52.00,70.25,88.50,91.00,110.00,130.00,176.00,221.00
795,Schabelle,Ultra Rare,171.00,207.00,244.00,329.00,415.00,427.00,519.00,610.00,824.00,1037.00
796,Voltriant,Epic,43.25,52.50,61.75,83.25,105.00,108.00,131.00,154.00,208.00,262.00
797,Kaguron,Epic,41.75,50.75,59.75,80.75,102.00,105.00,127.00,149.00,202.00,254.00
798,Katagami,Legendary,1031.00,1252.00,1473.00,1989.00,2504.00,2578.00,3130.00,3683.00,4971.00,6260.00
799,Schlingking,Epic,38.25,46.25,54.50,73.50,92.75,95.50,116.00,136.00,184.00,232.00
800,Necrozma,Mythic,2533.00,3075.00,3618.00,4884.00,6151.00,6332.00,7688.00,9045.00,12211.00,15376.00
801,Magearna,Mythic,3063.00,3719.00,4375.00,5906.00,7438.00,7656.00,9297.00,10938.00,14766.00,18594.00
802,Marshadow,Mythic,4181.00,5077.00,5973.00,8064.00,10154.00,10453.00,12693.00,14933.00,20159.00,25385.00
803,Venicro,Ultra Rare,134.00,163.00,192.00,259.00,326.00,336.00,408.00,480.00,648.00,816.00
804,Agoyon,Legendary,455.00,553.00,650.00,878.00,1105.00,1137.00,1381.00,1625.00,2194.00,2763.00
805,Muramura,Epic,37.75,46.00,54.00,73.00,91.75,94.50,115.00,135.00,182.00,230.00
806,Kopplosio,Ultra Rare,162.00,196.00,231.00,312.00,393.00,404.00,491.00,578.00,780.00,982.00
807,Zeraora,Mythic,2498.00,3034.00,3569.00,4818.00,6067.00,6246.00,7584.00,8923.00,12045.00,15168.00
808,Meltan,Mythic,2610.00,3169.00,3728.00,5033.00,6338.00,6524.00,7922.00,9320.00,12582.00,15844.00
809,Melmetal,Mythic,2645.00,3212.00,3779.00,5102.00,6424.00,6613.00,8030.00,9448.00,12754.00,16061.00
810,Chimpep,Uncommon,0.32,0.38,0.45,0.61,0.77,0.79,0.96,1.13,1.52,1.91
811,Chimstix,Uncommon,0.69,0.83,0.98,1.32,1.67,1.72,2.08,2.45,3.31,4.17
812,Gortrom,Rare,2.25,2.73,3.21,4.33,5.46,5.62,6.82,8.03,10.75,13.75
813,Hopplo,Uncommon,1.12,1.36,1.60,2.16,2.72,2.80,3.40,4.00,5.40,6.80
814,Kickerlo,Rare,2.28,2.76,3.25,4.39,5.53,5.69,6.91,8.13,11.00,13.75
815,Liberlo,Rare,6.13,7.44,8.75,11.75,15.00,15.25,18.50,22.00,29.50,37.25
816,Memmeon,Uncommon,0.33,0.40,0.47,0.63,0.80,0.82,1.00,1.17,1.59,2.00
817,Phlegleon,Uncommon,0.64,0.77,0.91,1.23,1.55,1.59,1.93,2.28,3.07,3.87
818,Intelleon,Rare,2.39,2.91,3.42,4.62,5.81,5.99,7.27,8.55,11.50,14.50
819,Raffel,Common,0.18,0.21,0.25,0.34,0.43,0.44,0.53,0.63,0.84,1.06
820,Schlaraffel,Uncommon,0.36,0.43,0.51,0.69,0.87,0.89,1.08,1.27,1.72,2.17
821,Meikro,Uncommon,0.32,0.38,0.45,0.61,0.77,0.79,0.96,1.13,1.52,1.91
822,Kranoviz,Uncommon,0.73,0.88,1.04,1.40,1.77,1.82,2.21,2.60,3.51,4.42
823,Krarmor,Rare,2.23,2.71,3.19,4.31,5.42,5.58,6.78,7.98,10.75,13.50
824,Sensect,Common,0.15,0.18,0.21,0.28,0.36,0.37,0.45,0.53,0.71,0.89
825,Keradar,Common,0.24,0.30,0.35,0.47,0.60,0.61,0.74,0.88,1.18,1.49
826,Maritellit,Uncommon,0.77,0.94,1.10,1.49,1.87,1.93,2.34,2.75,3.71,4.68
827,Kleptifux,Common,0.03,0.04,0.05,0.07,0.09,0.09,0.11,0.13,0.17,0.21
828,Gaunux,Common,0.20,0.25,0.29,0.39,0.49,0.51,0.62,0.73,0.98,1.23
829,Cottini,Common,0.14,0.17,0.20,0.27,0.34,0.35,0.43,0.50,0.68,0.85
830,Cottomi,Uncommon,0.42,0.51,0.60,0.81,1.02,1.05,1.27,1.50,2.03,2.55
831,Wolly,Common,0.15,0.18,0.21,0.28,0.36,0.37,0.45,0.53,0.71,0.89
832,Zwollock,Uncommon,0.41,0.49,0.58,0.78,0.99,1.01,1.23,1.45,1.96,2.47
833,Kamehaps,Uncommon,0.32,0.38,0.45,0.61,0.77,0.79,0.96,1.13,1.52,1.91
834,Kamalm,Uncommon,1.17,1.42,1.67,2.25,2.84,2.92,3.55,4.18,5.64,7.10
835,Voldi,Common,0.15,0.18,0.21,0.28,0.36,0.37,0.45,0.53,0.71,0.89
836,Bellektro,Uncommon,0.34,0.41,0.48,0.65,0.82,0.84,1.02,1.20,1.62,2.04
837,Klonkett,Uncommon,0.36,0.44,0.52,0.70,0.88,0.91,1.11,1.30,1.76,2.21
838,Wagong,Uncommon,0.70,0.85,1.00,1.35,1.70,1.75,2.13,2.50,3.38,4.25
839,Montecarbo,Rare,2.38,2.89,3.40,4.59,5.78,5.95,7.23,8.50,11.50,14.50
840,Knapfel,Uncommon,0.36,0.44,0.52,0.70,0.88,0.91,1.11,1.30,1.76,2.21
841,Drapfel,Uncommon,1.19,1.44,1.70,2.30,2.89,2.97,3.61,4.25,5.74,7.23
842,Schlapfel,Uncommon,1.03,1.25,1.47,1.98,2.50,2.57,3.12,3.68,4.96,6.25
843,Salanga,Uncommon,0.34,0.42,0.49,0.66,0.83,0.86,1.04,1.23,1.65,2.08
844,Sanaconda,Uncommon,1.04,1.27,1.49,2.01,2.53,2.61,3.17,3.73,5.03,6.33
845,Urgl,Uncommon,0.45,0.55,0.65,0.88,1.11,1.14,1.38,1.63,2.19,2.76
846,Pikuda,Uncommon,0.32,0.39,0.46,0.62,0.78,0.81,0.98,1.15,1.55,1.96
847,Barrakiefa,Uncommon,1.04,1.26,1.48,2.00,2.52,2.59,3.15,3.70,5.00,6.29
848,Toxel,Common,0.20,0.24,0.28,0.38,0.48,0.49,0.60,0.70,0.95,1.19
849,Riffex,Uncommon,0.92,1.12,1.32,1.78,2.24,2.31,2.81,3.30,4.46,5.61
850,Thermopod,Uncommon,0.36,0.43,0.51,0.69,0.87,0.89,1.08,1.27,1.72,2.17
851,Infernopod,Uncommon,1.08,1.31,1.54,2.08,2.62,2.69,3.27,3.85,5.20,6.55
852,Klopptopus,Common,0.16,0.20,0.23,0.31,0.39,0.40,0.49,0.58,0.78,0.98
853,Kaocto,Uncommon,0.41,0.49,0.58,0.78,0.99,1.01,1.23,1.45,1.96,2.47
854,Fatalitee,Uncommon,0.31,0.37,0.44,0.59,0.75,0.77,0.94,1.10,1.49,1.87
855,Mortipot,Uncommon,1.16,1.41,1.66,2.24,2.82,2.91,3.53,4.15,5.60,7.05
856,Brimova,Uncommon,0.30,0.37,0.43,0.58,0.73,0.75,0.91,1.08,1.45,1.83
857,Brimano,Uncommon,0.73,0.88,1.04,1.40,1.77,1.82,2.21,2.60,3.51,4.42
858,Silembrim,Rare,2.32,2.81,3.31,4.47,5.63,5.79,7.03,8.28,11.25,14.00
859,Bähmon,Uncommon,0.32,0.38,0.45,0.61,0.77,0.79,0.96,1.13,1.52,1.91
860,Pelzebub,Uncommon,0.66,0.80,0.94,1.27,1.60,1.64,2.00,2.35,3.17,3.99
861,Olangaar,Rare,2.37,2.88,3.39,4.58,5.76,5.93,7.20,8.48,11.50,14.50
862,Barrikadax,Uncommon,0.76,0.93,1.09,1.47,1.85,1.91,2.32,2.73,3.68,4.63
863,Mauzinger,Uncommon,1.06,1.29,1.52,2.05,2.58,2.66,3.23,3.80,5.13,6.46
864,Gorgasonn,Uncommon,0.40,0.48,0.57,0.77,0.97,1.00,1.21,1.42,1.92,2.42
865,Lauchzelot,Uncommon,0.58,0.71,0.83,1.12,1.41,1.45,1.76,2.07,2.80,3.53
866,Pantifrost,Uncommon,0.81,0.99,1.16,1.57,1.97,2.03,2.47,2.90,3.92,4.93
867,Oghnatoll,Uncommon,1.05,1.27,1.50,2.03,2.55,2.62,3.19,3.75,5.06,6.38
868,Hokumil,Uncommon,0.29,0.36,0.42,0.57,0.71,0.74,0.89,1.05,1.42,1.79
869,Pokusan,Uncommon,1.02,1.24,1.46,1.97,2.48,2.56,3.10,3.65,4.93,6.20
870,Legios,Rare,2.05,2.49,2.93,3.96,4.98,5.13,6.23,7.33,9.89,12.50
871,Britzigel,Uncommon,0.44,0.54,0.63,0.85,1.07,1.10,1.34,1.58,2.13,2.68
872,Snomnom,Uncommon,0.31,0.37,0.44,0.59,0.75,0.77,0.94,1.10,1.49,1.87
873,Mottineva,Uncommon,1.13,1.37,1.61,2.17,2.74,2.82,3.42,4.03,5.43,6.84
874,Humanolith,Uncommon,0.47,0.57,0.67,0.90,1.14,1.17,1.42,1.68,2.26,2.85
875,Kubuin,Uncommon,0.41,0.49,0.58,0.78,0.99,1.01,1.23,1.45,1.96,2.47
876,Servol,Rare,1.96,2.38,2.80,3.78,4.76,4.90,5.95,7.00,9.45,12.00
877,Morpeko,Uncommon,0.45,0.54,0.64,0.86,1.09,1.12,1.36,1.60,2.16,2.72
878,Kupfanti,Uncommon,0.34,0.42,0.49,0.66,0.83,0.86,1.04,1.23,1.65,2.08
879,Patinaraja,Uncommon,1.13,1.37,1.61,2.17,2.74,2.82,3.42,4.03,5.43,6.84
880,Lectragon,Rare,5.98,7.26,8.54,11.50,14.50,15.00,18.25,21.25,28.75,36.25
881,Lecryodon,Rare,1.79,2.18,2.56,3.46,4.35,4.48,5.44,6.40,8.64,11.00
882,Pescragon,Rare,6.29,7.64,8.99,12.25,15.25,15.75,19.00,22.50,30.25,38.25
883,Pescryodon,Rare,1.97,2.40,2.82,3.81,4.79,4.93,5.99,7.05,9.52,12.00
884,Duraludon,Rare,5.18,6.29,7.40,9.99,12.50,13.00,15.75,18.50,25.00,31.50
885,Grolldra,Uncommon,1.28,1.56,1.83,2.47,3.11,3.20,3.89,4.58,6.18,7.78
886,Phandra,Rare,3.51,4.26,5.01,6.76,8.52,8.77,10.75,12.50,17.00,21.25
887,Katapuldra,Epic,31.25,37.75,44.50,60.00,75.75,78.00,94.50,111.00,150.00,189.00
888,Zacian,Secret Rare,8532.00,10360.00,12188.00,16454.00,20720.00,21329.00,25900.00,30470.00,41135.00,51799.00
889,Zamazenta,Mythic,2572.00,3123.00,3674.00,4960.00,6246.00,6429.00,7807.00,9185.00,12400.00,15615.00
890,Endynalos,Secret Rare,17573.00,21338.00,25104.00,33890.00,42677.00,43932.00,53346.00,62760.00,84726.00,106692.00
891,Dakuma,Legendary,1169.00,1420.00,1670.00,2255.00,2839.00,2923.00,3549.00,4175.00,5636.00,7098.00
892,Wulaosu,Legendary,1305.00,1584.00,1864.00,2516.00,3169.00,3262.00,3961.00,4660.00,6291.00,7922.00
893,Zarude,Legendary,1512.00,1836.00,2160.00,2916.00,3672.00,3780.00,4590.00,5400.00,7290.00,9180.00
894,Regieleki,Legendary,1233.00,1498.00,1762.00,2379.00,2995.00,3083.00,3744.00,4405.00,5947.00,7489.00
895,Regidrago,Legendary,1093.00,1327.00,1561.00,2107.00,2654.00,2732.00,3317.00,3903.00,5268.00,6634.00
896,Polaross,Legendary,1222.00,1483.00,1745.00,2356.00,2967.00,3054.00,3708.00,4363.00,5889.00,7416.00
897,Phantoross,Mythic,2478.00,3009.00,3540.00,4779.00,6018.00,6195.00,7523.00,8850.00,11948.00,15045.00
898,Coronospa,Mythic,2461.00,2988.00,3515.00,4745.00,5976.00,6151.00,7469.00,8788.00,11863.00,14939.00
899,Damythir,Uncommon,1.02,1.24,1.46,1.97,2.48,2.56,3.10,3.65,4.93,6.20
900,Axantor,Epic,18.00,22.00,25.75,34.75,43.75,45.00,54.75,64.50,87.00,109.00
901,Ursaluna,Epic,11.00,13.50,15.75,21.25,26.75,27.50,33.50,39.50,53.25,67.00
902,Salmagnis,Rare,5.99,7.27,8.55,11.50,14.50,15.00,18.25,21.50,28.75,36.25
903,Snieboss,Rare,5.21,6.32,7.44,10.00,12.75,13.00,15.75,18.50,25.00,31.50
904,Myriador,Uncommon,1.12,1.36,1.60,2.16,2.72,2.80,3.40,4.00,5.40,6.80
905,Cupidos,Legendary,1199.00,1456.00,1713.00,2313.00,2912.00,2998.00,3640.00,4283.00,5781.00,7280.00
906,Felori,Uncommon,1.21,1.47,1.73,2.34,2.94,3.03,3.68,4.33,5.84,7.35
907,Feliospa,Rare,2.35,2.86,3.36,4.54,5.71,5.88,7.14,8.40,11.25,14.25
908,Maskagato,Rare,6.43,7.80,9.18,12.50,15.50,16.00,19.50,23.00,31.00,39.00
909,Krokel,Uncommon,1.09,1.32,1.55,2.09,2.64,2.71,3.29,3.88,5.23,6.59
910,Lokroko,Rare,2.05,2.49,2.93,3.96,4.98,5.13,6.23,7.33,9.89,12.50
911,Skelokrok,Rare,7.18,8.71,10.25,13.75,17.50,18.00,21.75,25.75,34.50,43.50
912,Kwaks,Uncommon,1.04,1.27,1.49,2.01,2.53,2.61,3.17,3.73,5.03,6.33
913,Fuentente,Rare,2.39,2.90,3.41,4.60,5.80,5.97,7.25,8.53,11.50,14.50
914,Bailonda,Rare,6.96,8.45,9.94,13.50,17.00,17.50,21.00,24.75,33.50,42.25
915,Ferkuli,Common,0.15,0.19,0.22,0.30,0.37,0.39,0.47,0.55,0.74,0.94
916,Fragrunz,Uncommon,0.39,0.47,0.55,0.74,0.94,0.96,1.17,1.38,1.86,2.34
917,Tarundel,Common,0.05,0.06,0.07,0.09,0.12,0.12,0.15,0.18,0.24,0.30
918,Spinsidias,Common,0.20,0.25,0.29,0.39,0.49,0.51,0.62,0.73,0.98,1.23
919,Micrick,Uncommon,0.30,0.37,0.43,0.58,0.73,0.75,0.91,1.08,1.45,1.83
920,Lextremo,Uncommon,1.17,1.42,1.67,2.25,2.84,2.92,3.55,4.18,5.64,7.10
921,Pamo,Uncommon,0.32,0.39,0.46,0.62,0.78,0.81,0.98,1.15,1.55,1.96
922,Pamamo,Uncommon,0.76,0.93,1.09,1.47,1.85,1.91,2.32,2.73,3.68,4.63
923,Pamomamo,Rare,2.33,2.83,3.33,4.50,5.66,5.83,7.08,8.32,11.25,14.25
924,Zwieps,Uncommon,1.22,1.48,1.74,2.35,2.96,3.05,3.70,4.35,5.87,7.40
925,Famieps,Rare,5.71,6.93,8.15,11.00,13.75,14.25,17.25,20.50,27.50,34.75
926,Hefel,Common,0.16,0.20,0.23,0.31,0.39,0.40,0.49,0.58,0.78,0.98
927,Backel,Uncommon,0.39,0.48,0.56,0.76,0.95,0.98,1.19,1.40,1.89,2.38
928,Olini,Uncommon,0.37,0.45,0.53,0.72,0.90,0.93,1.13,1.33,1.79,2.25
929,Olivinio,Uncommon,0.75,0.91,1.07,1.44,1.82,1.87,2.27,2.68,3.61,4.55
930,Olithena,Rare,2.32,2.81,3.31,4.47,5.63,5.79,7.03,8.28,11.25,14.00
931,Krawalloro,Common,0.18,0.22,0.26,0.35,0.44,0.45,0.55,0.65,0.88,1.11
932,Geosali,Uncommon,1.34,1.63,1.92,2.59,3.26,3.36,4.08,4.80,6.48,8.16
933,Sedisal,Rare,3.39,4.11,4.84,6.53,8.23,8.47,10.25,12.00,16.25,20.50
934,Saltigant,Epic,10.75,13.25,15.50,21.00,26.25,27.25,33.00,38.75,52.25,66.00
935,Knarbon,Uncommon,1.32,1.61,1.89,2.55,3.21,3.31,4.02,4.72,6.38,8.03
936,Crimanzo,Rare,5.20,6.32,7.43,10.00,12.75,13.00,15.75,18.50,25.00,31.50
937,Azugladis,Rare,5.21,6.32,7.44,10.00,12.75,13.00,15.75,18.50,25.00,31.50
938,Blipp,Uncommon,0.34,0.41,0.48,0.65,0.82,0.84,1.02,1.20,1.62,2.04
939,Wampitz,Uncommon,1.01,1.23,1.45,1.96,2.47,2.54,3.08,3.63,4.89,6.16
940,Voltrel,Uncommon,0.32,0.38,0.45,0.61,0.77,0.79,0.96,1.13,1.52,1.91
941,Voltrean,Uncommon,1.14,1.39,1.63,2.20,2.77,2.85,3.46,4.07,5.50,6.93
942,Mobtiff,Uncommon,0.31,0.37,0.44,0.59,0.75,0.77,0.94,1.10,1.49,1.87
943,Mastifioso,Uncommon,1.01,1.22,1.44,1.94,2.45,2.52,3.06,3.60,4.86,6.12
944,Sproxi,Common,0.18,0.22,0.26,0.35,0.44,0.45,0.55,0.65,0.88,1.11
945,Affiti,Uncommon,0.40,0.48,0.57,0.77,0.97,1.00,1.21,1.42,1.92,2.42
946,Weherba,Uncommon,0.32,0.38,0.45,0.61,0.77,0.79,0.96,1.13,1.52,1.91
947,Horrerba,Uncommon,0.99,1.20,1.41,1.90,2.40,2.47,3.00,3.53,4.76,5.99
948,Tentagra,Uncommon,0.31,0.37,0.44,0.59,0.75,0.77,0.94,1.10,1.49,1.87
949,Tenterra,Uncommon,1.06,1.28,1.51,2.04,2.57,2.64,3.21,3.78,5.10,6.42
950,Klibbe,Uncommon,0.43,0.52,0.61,0.82,1.04,1.07,1.30,1.53,2.06,2.59
951,Chilingel,Uncommon,0.34,0.42,0.49,0.66,0.83,0.86,1.04,1.23,1.65,2.08
952,Halupenjo,Uncommon,1.13,1.38,1.62,2.19,2.75,2.84,3.44,4.05,5.47,6.89
953,Relluk,Common,0.15,0.19,0.22,0.30,0.37,0.39,0.47,0.55,0.74,0.94
954,Skarabaks,Uncommon,0.39,0.48,0.56,0.76,0.95,0.98,1.19,1.40,1.89,2.38
955,Flattutu,Uncommon,0.38,0.46,0.54,0.73,0.92,0.95,1.15,1.35,1.82,2.30
956,Psiopatra,Uncommon,1.03,1.25,1.47,1.98,2.50,2.57,3.12,3.68,4.96,6.25
957,Forgita,Uncommon,1.36,1.65,1.94,2.62,3.30,3.39,4.12,4.85,6.55,8.25
958,Tafforgita,Rare,3.72,4.52,5.32,7.18,9.04,9.31,11.25,13.25,18.00,22.50
959,Granforgita,Epic,11.25,13.50,16.00,21.50,27.25,28.00,34.00,40.00,54.00,68.00
960,Schligda,Common,0.16,0.20,0.23,0.31,0.39,0.40,0.49,0.58,0.78,0.98
961,Schligdri,Uncommon,0.31,0.37,0.44,0.59,0.75,0.77,0.94,1.10,1.49,1.87
962,Adebom,Uncommon,1.17,1.42,1.67,2.25,2.84,2.92,3.55,4.18,5.64,7.10
963,Normifin,Uncommon,0.55,0.67,0.79,1.07,1.34,1.38,1.68,1.98,2.67,3.36
964,Delfinator,Uncommon,1.48,1.79,2.11,2.85,3.59,3.69,4.48,5.28,7.12,8.97
965,Knattox,Uncommon,1.41,1.71,2.01,2.71,3.42,3.52,4.27,5.02,6.78,8.54
966,Knattatox,Rare,5.24,6.36,7.48,10.00,12.75,13.00,16.00,18.75,25.25,31.75
967,Mopex,Rare,2.20,2.67,3.14,4.24,5.34,5.50,6.67,7.85,10.50,13.25
968,Schlurm,Rare,2.00,2.42,2.85,3.85,4.85,4.99,6.06,7.13,9.62,12.00
969,Lumispross,Uncommon,1.41,1.72,2.02,2.73,3.43,3.53,4.29,5.05,6.82,8.58
970,Lumiflora,Rare,5.08,6.17,7.26,9.80,12.25,12.75,15.50,18.25,24.50,30.75
971,Gruff,Uncommon,0.33,0.40,0.47,0.63,0.80,0.82,1.00,1.17,1.59,2.00
972,Friedwuff,Uncommon,1.09,1.32,1.55,2.09,2.64,2.71,3.29,3.88,5.23,6.59
973,Flaminkno,Rare,1.88,2.28,2.68,3.62,4.56,4.69,5.70,6.70,9.05,11.50
974,Flaniwal,Uncommon,0.33,0.40,0.47,0.63,0.80,0.82,1.00,1.17,1.59,2.00
975,Kolowal,Uncommon,1.09,1.32,1.55,2.09,2.64,2.71,3.29,3.88,5.23,6.59
976,Agiluza,Rare,2.07,2.52,2.96,4.00,5.03,5.18,6.29,7.40,9.99,12.50
977,Heerashai,Rare,2.13,2.59,3.05,4.12,5.19,5.34,6.48,7.63,10.25,13.00
978,Nigiragi,Rare,1.90,2.31,2.72,3.67,4.62,4.76,5.78,6.80,9.18,11.50
979,Epitaff,Epic,11.00,13.50,15.75,21.25,26.75,27.50,33.50,39.50,53.25,67.00
980,Suelord,Uncommon,0.36,0.44,0.52,0.70,0.88,0.91,1.11,1.30,1.76,2.21
981,Farigiraf,Uncommon,1.11,1.35,1.59,2.15,2.70,2.78,3.38,3.98,5.37,6.76
982,Dummimisel,Uncommon,1.07,1.30,1.53,2.07,2.60,2.68,3.25,3.83,5.16,6.50
983,Gladimperio,Epic,10.75,13.25,15.50,21.00,26.25,27.25,33.00,38.75,52.25,66.00
984,Riesenzahn,Ultra Rare,167.00,202.00,238.00,321.00,405.00,417.00,506.00,595.00,803.00,1011.00
985,Brüllschweif,Rare,7.87,9.56,11.25,15.25,19.25,19.75,24.00,28.25,38.00,47.75
986,Wutpilz,Rare,8.05,9.78,11.50,15.50,19.50,20.00,24.50,28.75,38.75,49.00
987,Flatterhaar,Ultra Rare,169.00,205.00,241.00,325.00,410.00,422.00,512.00,603.00,813.00,1024.00
988,Kriechflügel,Epic,39.25,47.50,56.00,75.50,95.25,98.00,119.00,140.00,189.00,238.00
989,Sandfell,Epic,39.25,47.50,56.00,75.50,95.25,98.00,119.00,140.00,189.00,238.00
990,Eisenrad,Epic,41.25,50.25,59.00,79.75,100.00,103.00,125.00,148.00,199.00,251.00
991,Eisenbündel,Epic,37.75,46.00,54.00,73.00,91.75,94.50,115.00,135.00,182.00,230.00
992,Eisenhand,Epic,41.50,50.25,59.25,80.00,101.00,104.00,126.00,148.00,200.00,252.00
993,Eisenhals,Epic,37.75,45.75,53.75,72.50,91.50,94.00,114.00,134.00,181.00,228.00
994,Eisenfalter,Epic,41.50,50.25,59.25,80.00,101.00,104.00,126.00,148.00,200.00,252.00
995,Eisendorn,Rare,7.70,9.35,11.00,14.75,18.75,19.25,23.50,27.50,37.25,46.75
996,Frospino,Uncommon,1.22,1.49,1.75,2.36,2.98,3.06,3.72,4.38,5.91,7.44
997,Cryospino,Rare,3.92,4.76,5.60,7.56,9.52,9.80,12.00,14.00,19.00,23.75
998,Espinodon,Epic,11.50,13.75,16.25,22.00,27.75,28.50,34.50,40.75,54.75,69.00
999,Gierspenst,Uncommon,1.37,1.66,1.95,2.63,3.32,3.41,4.14,4.88,6.58,8.29
1000,Monetigo,Rare,5.45,6.62,7.79,10.50,13.25,13.75,16.50,19.50,26.25,33.00
1001,Chongjian,Legendary,871.00,1057.00,1244.00,1679.00,2115.00,2177.00,2643.00,3110.00,4199.00,5287.00
1002,Baojian,Legendary,1511.00,1835.00,2159.00,2915.00,3670.00,3778.00,4588.00,5398.00,7287.00,9176.00
1003,Dinglu,Legendary,1226.00,1489.00,1752.00,2365.00,2978.00,3066.00,3723.00,4380.00,5913.00,7446.00
1004,Yuyu,Legendary,1452.00,1763.00,2074.00,2800.00,3526.00,3630.00,4407.00,5185.00,7000.00,8815.00
1005,Donnersichel,Ultra Rare,165.00,200.00,235.00,317.00,400.00,411.00,499.00,588.00,793.00,999.00
1006,Eisenkrieger,Epic,41.75,50.75,59.75,80.75,102.00,105.00,127.00,149.00,202.00,254.00
1007,Koraidon,Secret Rare,8393.00,10192.00,11990.00,16187.00,20383.00,20983.00,25479.00,29975.00,40466.00,50958.00
1008,Miraidon,Secret Rare,8390.00,10188.00,11986.00,16181.00,20376.00,20975.00,25470.00,29965.00,40453.00,50941.00
1009,Windewoge,Ultra Rare,165.00,200.00,235.00,317.00,400.00,411.00,499.00,588.00,793.00,999.00
1010,Eisenblatt,Epic,41.00,49.75,58.50,79.00,99.50,102.00,124.00,146.00,197.00,249.00
1011,Sirapfel,Uncommon,0.68,0.82,0.97,1.31,1.65,1.70,2.06,2.42,3.27,4.12
1012,Mortcha,Uncommon,1.22,1.49,1.75,2.36,2.98,3.06,3.72,4.38,5.91,7.44
1013,Fatalitcha,Rare,5.38,6.53,7.68,10.25,13.00,13.50,16.25,19.25,26.00,32.75
1014,Boninu,Legendary,1124.00,1365.00,1606.00,2168.00,2730.00,2810.00,3413.00,4015.00,5420.00,6826.00
1015,Benesaru,Legendary,1217.00,1477.00,1738.00,2346.00,2955.00,3042.00,3693.00,4345.00,5866.00,7387.00
1016,Beatori,Legendary,927.00,1126.00,1325.00,1789.00,2253.00,2319.00,2816.00,3313.00,4472.00,5631.00
1017,Ogerpon,Legendary,1424.00,1729.00,2034.00,2746.00,3458.00,3560.00,4322.00,5085.00,6865.00,8645.00
1018,Briduradon,Epic,17.00,20.50,24.25,32.75,41.25,42.50,51.50,60.75,81.75,103.00
1019,Hydrapfel,Rare,2.45,2.98,3.50,4.73,5.95,6.12,7.44,8.75,11.75,15.00
1020,Keilflamme,Ultra Rare,166.00,201.00,237.00,320.00,403.00,415.00,504.00,593.00,800.00,1007.00
1021,Furienblitz,Ultra Rare,174.00,212.00,249.00,336.00,423.00,436.00,529.00,623.00,840.00,1058.00
1022,Eisenfels,Ultra Rare,172.00,209.00,246.00,332.00,418.00,431.00,523.00,615.00,830.00,1046.00
1023,Eisenhaupt,Ultra Rare,158.00,192.00,226.00,305.00,384.00,396.00,480.00,565.00,763.00,961.00
1024,Terapagos,Secret Rare,8623.00,10470.00,12318.00,16629.00,20941.00,21556.00,26176.00,30795.00,41573.00,52352.00
1025,Infamomo,Mythic,2801.00,3401.00,4001.00,5401.00,6802.00,7002.00,8502.00,10003.00,13503.00,17004.00
